Workbook
Name Slicer_Įmonės_pavadinimas: #N/A
Name Slicer_Metai: #N/A
Name Slicer_Pagrindinis_brandas: #N/A
Name Slicer_Veikla__BTL: #N/A
Name Slicer_Veikla__BTL1: #N/A
Name Slicer_Veikla__Digital_media: #N/A
Name Slicer_Veikla__Digital_media1: #N/A
Name Slicer_Veikla__Konsultantai: #N/A
Name Slicer_Veikla__Konsultantai1: #N/A
Name Slicer_Veikla__kūryba: #N/A
Name Slicer_Veikla__kūryba1: #N/A
Name Slicer_Veikla__Media: #N/A
Name Slicer_Veikla__Media1: #N/A
Name Slicer_Veikla__PA: #N/A
Name Slicer_Veikla__PA1: #N/A
Name Slicer_Veikla__PR: #N/A
Name Slicer_Veikla__PR1: #N/A
Name Slicer_Veikla__Production_house: #N/A
Name Slicer_Veikla__Production_house1: #N/A
Name Slicer_Veikla__renginiai: #N/A
Name Slicer_Veikla__Renginiai1: #N/A

Sheet Raw
A1: Preliminarus pavadinimas | B1: Preliminari svetainė | C1: EVRK v2 veiklos kodas | D1: EVRK v2 veikla | E1: Column3 | F1: Veikla | G1: Column1 | H1: Column2 | I1: Kodas | J1: PVM kodas | K1: Įmonė | L1: Adresas | M1: Miestas | N1: El. paštas | O1: Telefonas | P1: Mobilus | Q1: Kiti telefonai | R1: Darbuotojai 2019 | S1: Darbuotojai 2020 | T1: Darb. Pokytis 19-20 | U1: Darbuotojai 2021 | V1: Darb. Pokytis 20-21 | W1: Darbuotojai 2022 | X1: Darb. Pokytis 21-22 | Y1: Darbuotojai 2023 | Z1: Darb. Pokytis 22-23 | AA1: Darbuotojai 2024 | AB1: Darb. Pokytis 23-24 | AC1: Darbuotojai 2025 06 09 | AD1: Atlyginimų vidurkis 2019 | AE1: Atlyginimų vidurkis 2020 | AF1: Atl .Pokytis 19-20 | AG1: Atlyginimų vidurkis 2021 | AH1: Atl. Pokytis 20-21 | AI1: Atlyginimų vidurkis 2022 | AJ1: Atl. Pokytis 21-22 | AK1: Atlyginimų vidurkis 2023 | AL1: Atl. Pokytis 22-23 | AM1: Atlyginimų vidurkis 2024 | AN1: Atl. Pokytis 23-24 | AO1: Atlyginimų vidurkis 2025 04 | AP1: Skola Sodrai | AQ1: Apyvarta 2019 | AR1: Apyvarta 2020 | AS1: Apyvart. Pokytis 19-20 | AT1: Apyvarta 2021 | AU1: Apyvart. Pokytis 20-21 | AV1: Apyvarta 2022 | AW1: Apyvart. Pokytis 21-22 | AX1: Apyvarta 2023 | AY1: Apyvart. Pokytis 22-23 | AZ1: Apyvarta 2024 | BA1: Apyvart. Pokytis 23-24 | BB1: Grynasis pelnas 2019 | BC1: Grynasis pelnas 2020 | BD1: Gr. Peln. Pokytis 19-20 | BE1: Grynasis pelnas 2021 | BF1: Gr. Peln. Pokytis 20-21 | BG1: Grynasis pelnas 2022 | BH1: Gr. Peln. Pokytis 21-22 | BI1: Grynasis pelnas 2023 | BJ1: Gr. Peln. Pokytis 22-23 | BK1: Grynasis pelnas 2024 | BL1: Gr. Peln. Pokytis 23-24 | BM1: Svetainė | BN1: Rekvizitai URL | BO1: Facebook | BP1: Instagram | BQ1: LinkedIn | BR1: Kredito rizika | BS1: Įregistruota
A2: Dentsu Lithuania, UAB | B2: dentsu.lt | C2: 731100 | D2: Media | I2: 124216438 | J2: LT242164314 | K2: Dentsu Lithuania UAB | L2: A. Goštauto g. 40B, LT-03163 Vilnius | M2: Vilnius | N2: info.lithuania@dentsu.com | O2: +370 5 2497241 | R2: 18 | S2: 18 | T2: 0 | U2: 19 | V2: 0.055555556 | W2: 63 | X2: 2.3157895 | Y2: 68 | Z2: 0.079365079 | AA2: 63 | AB2: -0.073529412 | AC2: 53 | AD2: 3220 | AE2: 3348 | AF2: 0.039751553 | AG2: 3357 | AH2: 0.002688172 | AI2: 3112 | AJ2: -0.072981829 | AK2: 3397 | AL2: 0.091580977 | AM2: 3711 | AN2: 0.092434501 | AO2: 3723,40 | AQ2: 8897302 | AR2: 8847434 | AS2: -0.0056048452 | AT2: 8730690 | AU2: -0.013195238 | AV2: 29179075 | AW2: 2.342127 | AX2: 31485566 | AY2: 0.079046063 | AZ2: 36638811 | BA2: 0.16367008 | BB2: 160646 | BC2: 246272 | BD2: 0.53301047 | BE2: 111387 | BF2: -0.54770741 | BG2: 395590 | BH2: 2.5514916 | BI2: 504281 | BJ2: 0.27475669 | BK2: 1889619 | BL2: 2.7471549 | BM2: https://www.dentsu.com/ | BN2: https://rekvizitai.vz.lt/imone/dentsu_lithuania/ | BO2: https://www.facebook.com/Dentsu-Lithuania-111642568134310 | BR2: Žemiausia | BS2: 1997-10-16
A3: Inspired Communications, UAB | B3: inspired.lt | C3: 731100 | D3: Media | I3: 300642933 | J3: LT100002908017 | K3: UAB "Inspired Communications" | L3: Paupio g. 16, LT-11341 Vilnius | M3: Vilnius | N3: office@inspired.lt | O3: +370 684 65990 | P3: 37068465990 | R3: 49 | S3: 47 | T3: -0.040816327 | U3: 51 | V3: 0.085106383 | W3: 40 | X3: -0.21568627 | Y3: 32 | Z3: -0.2 | AA3: 31 | AB3: -0.03125 | AC3: 31 | AD3: 2418 | AE3: 2300 | AF3: -0.048800662 | AG3: 2604 | AH3: 0.13217391 | AI3: 2988 | AJ3: 0.14746544 | AK3: 3726 | AL3: 0.24698795 | AM3: 4330 | AN3: 0.16210413 | AO3: 4103,94 | AQ3: 19167730 | AR3: 20518557 | AS3: 0.070474021 | AT3: 19713947 | AU3: -0.039213771 | AV3: 17453957 | AW3: -0.11463914 | AX3: 26945192 | AY3: 0.543787 | AZ3: 21601990 | BA3: -0.1982989 | BB3: 703603 | BC3: 711078 | BD3: 0.010623889 | BE3: 601013 | BF3: -0.15478611 | BG3: 490845 | BH3: -0.18330386 | BI3: 658350 | BJ3: 0.34125844 | BK3: 294872 | BL3: -0.5521045 | BM3: http://www.inspired.lt | BN3: https://rekvizitai.vz.lt/imone/inspired_communications/ | BO3: https://www.facebook.com/inspired.lab | BQ3: https://www.linkedin.com/company/inspired-um | BR3: Žemiausia | BS3: 2007-02-05
A4: Open Agency, UAB | B4: openagency.lt | C4: 731100 | D4: Media | I4: 302414298 | J4: LT100004786814 | K4: UAB "Open Agency" | L4: A. Goštauto g. 40, LT-03163 Vilnius | M4: Vilnius | N4: open@openagency.lt | O4: +370 5 2195252 | R4: 43 | S4: 46 | T4: 0.069767442 | U4: 49 | V4: 0.065217391 | W4: 53 | X4: 0.081632653 | Y4: 52 | Z4: -0.018867925 | AA4: 53 | AB4: 0.019230769 | AC4: 54 | AD4: 2178 | AE4: 2052 | AF4: -0.05785124 | AG4: 2453 | AH4: 0.1954191 | AI4: 2626 | AJ4: 0.070525887 | AK4: 2583 | AL4: -0.016374714 | AM4: 2644 | AN4: 0.02361595 | AO4: 2816,67 | AQ4: 14735922 | AR4: 13065559 | AS4: -0.11335314 | AT4: 16083759 | AU4: 0.23100428 | AV4: 15673573 | AW4: -0.025503118 | AX4: 15193407 | AY4: -0.030635389 | AZ4: 16809406 | BA4: 0.10636186 | BB4: 447413 | BC4: 426889 | BD4: -0.045872605 | BE4: 501734 | BF4: 0.17532661 | BG4: 441594 | BH4: -0.11986431 | BI4: 411549 | BJ4: -0.068037609 | BK4: 478689 | BL4: 0.16313975 | BM4: http://www.openagency.lt | BN4: https://rekvizitai.vz.lt/imone/open_agency/ | BR4: Žemiausia | BS4: 2009-07-01
A5: Media House, UAB | B5: mediahouse.lt | C5: 731200 | D5: Media | I5: 111707070 | J5: LT117070716 | K5: Uždaroji akcinė bendrovė "MEDIA HOUSE" | L5: Aukštaičių g. 7, LT-11341 Vilnius | M5: Vilnius | N5: contact@media-house.com | O5: +370 5 2526270 | R5: 34 | S5: 30 | T5: -0.11764706 | U5: 30 | V5: 0 | W5: 36 | X5: 0.2 | Y5: 36 | Z5: 0 | AA5: 35 | AB5: -0.027777778 | AC5: 39 | AD5: 2463 | AE5: 2559 | AF5: 0.038976857 | AG5: 2700 | AH5: 0.055099648 | AI5: 2844 | AJ5: 0.053333333 | AK5: 3103 | AL5: 0.091068917 | AM5: 3298 | AN5: 0.062842411 | AO5: 3468,10 | AQ5: 10898125 | AR5: 11162492 | AS5: 0.024258026 | AT5: 13680319 | AU5: 0.22556137 | AV5: 14993931 | AW5: 0.09602203 | AX5: 19737855 | AY5: 0.31638961 | AZ5: 15451756 | BA5: -0.21715121 | BB5: 203683 | BC5: 307350 | BD5: 0.50896246 | BE5: 391733 | BF5: 0.27455019 | BG5: 294380 | BH5: -0.24851876 | BI5: 385809 | BJ5: 0.31058156 | BK5: 244146 | BL5: -0.36718428 | BM5: http://media-house.com/ | BN5: https://rekvizitai.vz.lt/imone/media_house/ | BO5: https://www.facebook.com/MediaHouseLT | BR5: Žemiausia | BS5: 2000-07-27
A6: Whatabout.agency, UAB | B6: whatabout.agency | C6: 631200 | D6: Interneto vartų paslaugų veikla | I6: 302795358 | J6: LT100008130318 | K6: Whatabout agency, UAB | L6: Laisvės al. 59, Kaunas | M6: Kaunas | N6: info@whatabout.agency | O6: +370 610 79316 | R6: 17 | S6: 20 | T6: 0.17647059 | U6: 21 | V6: 0.05 | W6: 30 | X6: 0.42857143 | Y6: 35 | Z6: 0.16666667 | AA6: 36 | AB6: 0.028571429 | AC6: 32 | AD6: 972 | AE6: 1273 | AF6: 0.30967078 | AG6: 1535 | AH6: 0.20581304 | AI6: 1938 | AJ6: 0.26254072 | AK6: 2374 | AL6: 0.2249742 | AM6: 2497 | AN6: 0.051811289 | AO6: 2646,03 | AQ6: 1140388 | AR6: 1946452 | AS6: 0.70683311 | AT6: 6988301 | AU6: 2.5902766 | AV6: 7033233 | AW6: 0.0064296028 | AX6: 8766185 | AY6: 0.24639479 | AZ6: 11931673 | BA6: 0.36110212 | BB6: 100333 | BC6: 123598 | BD6: 0.23187785 | BE6: 143302 | BF6: 0.15942006 | BG6: -85287 | BH6: -1.5951557 | BI6: 49952 | BJ6: 1.585693 | BK6: -382931 | BL6: -8.6659793 | BM6: https://whatabout.agency/ | BN6: https://rekvizitai.vz.lt/imone/whatabout_agency/ | BO6: https://www.facebook.com/whatabout.lt | BP6: https://www.instagram.com/whatabout.agency/ | BQ6: https://www.linkedin.com/company/whatabout/ | BR6: Žema | BS6: 2012-06-04
A7: Reprise Media, UAB | B7: reprise.com | C7: 731100 | G7: Digital media | I7: 304737161 | J7: LT100011362012 | K7: UAB "Reprise Media" | L7: Šaltinių g. 12, LT-03214 Vilnius | M7: Vilnius | N7: info@reprise.lt | P7: 37068465990 | Q7: +370 613 75088 | R7: 17 | S7: 21 | T7: 0.23529412 | U7: 27 | V7: 0.28571429 | W7: 30 | X7: 0.11111111 | Y7: 29 | Z7: -0.033333333 | AA7: 25 | AB7: -0.13793103 | AC7: 25 | AD7: 2233 | AE7: 2199 | AF7: -0.015226153 | AG7: 2483 | AH7: 0.12914961 | AI7: 2808 | AJ7: 0.13089005 | AK7: 3307 | AL7: 0.17770655 | AM7: 3578 | AN7: 0.081947384 | AO7: 4181,84 | AQ7: 3984255 | AR7: 5638018 | AS7: 0.41507459 | AT7: 7175635 | AU7: 0.27272297 | AV7: 11433659 | AW7: 0.59340031 | AX7: 19745738 | AY7: 0.72698329 | AZ7: 11526712 | BA7: -0.41624304 | BB7: 211408 | BC7: 565438 | BD7: 1.6746292 | BE7: 468860 | BF7: -0.1708021 | BG7: 587419 | BH7: 0.25286653 | BI7: 345373 | BJ7: -0.41205 | BK7: 95363 | BL7: -0.72388403 | BM7: https://reprise.lt/ | BN7: https://rekvizitai.vz.lt/imone/reprise_media/ | BR7: Žemiausia | BS7: 2017-12-18
A8: Arena Media, UAB | B8: arenamedia.lt | C8: 731100 | D8: Media | I8: 300597228 | J8: LT100002645214 | K8: Arena Media, UAB | L8: Jogailos g. 4, LT-01116 Vilnius | M8: Vilnius | N8: media@arenamedia.lt | O8: +370 5 2690033 | R8: 16 | S8: 11 | T8: -0.3125 | U8: 12 | V8: 0.090909091 | W8: 13 | X8: 0.083333333 | Y8: 14 | Z8: 0.076923077 | AA8: 14 | AB8: 0 | AC8: 13 | AD8: 2374 | AE8: 2606 | AF8: 0.097725358 | AG8: 3065 | AH8: 0.176132 | AI8: 3304 | AJ8: 0.077977162 | AK8: 3252 | AL8: -0.015738499 | AM8: 3314 | AN8: 0.019065191 | AO8: 3423,28 | AQ8: 8490273 | AR8: 8162394 | AS8: -0.038618193 | AT8: 13416624 | AU8: 0.64371188 | AV8: 14637212 | AW8: 0.090975792 | AX8: 13076706 | AY8: -0.10661224 | AZ8: 10772482 | BA8: -0.17620829 | BB8: 385151 | BC8: 357029 | BD8: -0.073015519 | BE8: 351536 | BF8: -0.015385305 | BG8: 480070 | BH8: 0.36563538 | BI8: 376803 | BJ8: -0.21510821 | BK8: 78192 | BL8: -0.79248573 | BM8: http://www.arenamedia.lt | BN8: https://rekvizitai.vz.lt/imone/adcom/ | BR8: Žemiausia | BS8: 2006-09-08
A9: Havas Media, UAB | B9: havasmedia.lt | C9: 731100 | D9: Media | I9: 302344394 | J9: LT100004728312 | K9: Havas Media, UAB | L9: Jogailos g. 4, LT-01116 Vilnius | M9: Vilnius | N9: info@havasmedia.lt | O9: +370 616 76777 | R9: 21 | S9: 19 | T9: -0.095238095 | U9: 20 | V9: 0.052631579 | W9: 22 | X9: 0.1 | Y9: 22 | Z9: 0 | AA9: 24 | AB9: 0.090909091 | AC9: 22 | AD9: 2194 | AE9: 2559 | AF9: 0.16636281 | AG9: 2794 | AH9: 0.091832747 | AI9: 2988 | AJ9: 0.069434503 | AK9: 3492 | AL9: 0.1686747 | AM9: 3663 | AN9: 0.048969072 | AO9: 4774,82 | AQ9: 7511674 | AR9: 8107694 | AS9: 0.079345829 | AT9: 9433509 | AU9: 0.16352554 | AV9: 9608231 | AW9: 0.018521422 | AX9: 10925676 | AY9: 0.13711629 | AZ9: 10632287 | BA9: -0.026853167 | BB9: 301781 | BC9: 278089 | BD9: -0.078507262 | BE9: 322559 | BF9: 0.15991283 | BG9: 134980 | BH9: -0.58153392 | BI9: 123945 | BJ9: -0.081752852 | BK9: 248039 | BL9: 1.0012021 | BN9: https://rekvizitai.vz.lt/imone/uab_mpg_idea/ | BR9: Žemiausia | BS9: 2009-05-28
A10: Via Media, UAB | B10: viamedia.lt | C10: 731100 | D10: Media | I10: 111625698 | J10: LT116256917 | K10: Uždaroji akcinė bendrovė "VIA MEDIA" | L10: Aukštaičių g. 7, LT-11341 Vilnius | M10: Vilnius | N10: office.lithuania@mindsharebaltics.com | P10: 37061794865 | R10: 19 | S10: 18 | T10: -0.052631579 | U10: 24 | V10: 0.33333333 | W10: 28 | X10: 0.16666667 | Y10: 26 | Z10: -0.071428571 | AA10: 25 | AB10: -0.038461538 | AC10: 27 | AD10: 2532 | AE10: 2641 | AF10: 0.043048973 | AG10: 2528 | AH10: -0.042786823 | AI10: 2626 | AJ10: 0.038765823 | AK10: 2861 | AL10: 0.089489718 | AM10: 3073 | AN10: 0.074099965 | AO10: 3024,69 | AQ10: 6233775 | AR10: 4829619 | AS10: -0.22524971 | AT10: 9494507 | AU10: 0.96589151 | AV10: 10013897 | AW10: 0.054704262 | AX10: 8389454 | AY10: -0.16221886 | AZ10: 8837519 | BA10: 0.053408124 | BB10: 112253 | BC10: 95358 | BD10: -0.15050823 | BE10: 191943 | BF10: 1.0128673 | BG10: 186159 | BH10: -0.030133946 | BI10: 172710 | BJ10: -0.072244694 | BK10: 225361 | BL10: 0.30485206 | BM10: https://www.mindshareworld.com/lithuania/offices/vilnius-lithuania | BN10: https://rekvizitai.vz.lt/imone/via_media/ | BR10: Žema | BS10: 1998-03-31
A11: Trendmark, UAB | B11: trendmark.lt | C11: 731200 | D11: Media | I11: 300021385 | J11: LT100001028614 | K11: UAB "Trendmark" | L11: Savičiaus g. 3A-36, LT-01127 Vilnius | M11: Vilnius | N11: info@mediacom.lt | O11: +370 5 2608463 | R11: 21 | S11: 20 | T11: -0.047619048 | U11: 19 | V11: -0.05 | W11: 20 | X11: 0.052631579 | Y11: 20 | Z11: 0 | AA11: 24 | AB11: 0.2 | AC11: 23 | AD11: 2175 | AE11: 2572 | AF11: 0.18252874 | AG11: 2688 | AH11: 0.045101089 | AI11: 2915 | AJ11: 0.084449405 | AK11: 3033 | AL11: 0.040480274 | AM11: 2672 | AN11: -0.11902407 | AO11: 2653,34 | AQ11: 6385159 | AR11: 5903710 | AS11: -0.075401255 | AT11: 7141593 | AU11: 0.20967883 | AV11: 7598409 | AW11: 0.063965561 | AX11: 7543028 | AY11: -0.0072884995 | AZ11: 8271381 | BA11: 0.096559764 | BB11: 57099 | BC11: 242860 | BD11: 3.2533144 | BE11: 340088 | BF11: 0.40034588 | BG11: 99335 | BH11: -0.70791383 | BI11: 66752 | BJ11: -0.32801127 | BK11: 131476 | BL11: 0.96961889 | BM11: http://www.mediacom.lt | BN11: https://rekvizitai.vz.lt/imone/trendmark/ | BR11: Žemiausia | BS11: 2004-04-27
A12: Adell reklama, UAB | C12: 731100 | E12: Kūryba | I12: 110771682 | J12: LT107716811 | K12: Uždaroji akcinė bendrovė "ADELL REKLAMA" | L12: Aukštaičių g. 7u, LT-11341 Vilnius | M12: Vilnius | N12: david@ogilvy.lt | O12: +370 619 19525 | R12: 45 | S12: 46 | T12: 0.022222222 | U12: 50 | V12: 0.086956522 | W12: 49 | X12: -0.02 | Y12: 49 | Z12: 0 | AA12: 45 | AB12: -0.081632653 | AC12: 43 | AD12: 2709 | AE12: 2940 | AF12: 0.085271318 | AG12: 3106 | AH12: 0.056462585 | AI12: 3263 | AJ12: 0.050547328 | AK12: 4041 | AL12: 0.23843089 | AM12: 3618 | AN12: -0.10467706 | AO12: 3183,97 | AQ12: 7290500 | AR12: 6554110 | AS12: -0.10100679 | AT12: 7010847 | AU12: 0.069687112 | AV12: 8435901 | AW12: 0.20326417 | AX12: 7661419 | AY12: -0.091807858 | AZ12: 7456879 | BA12: -0.026697404 | BB12: 638469 | BC12: 637044 | BD12: -0.0022319016 | BE12: 689700 | BF12: 0.082656771 | BG12: 1148871 | BH12: 0.66575468 | BI12: 625927 | BJ12: -0.45518078 | BK12: 493389 | BL12: -0.21174674 | BM12: http://www.ogilvy.lt | BN12: https://rekvizitai.vz.lt/imone/adell_reklama/ | BR12: Žemiausia | BS12: 1997-04-18
A13: Fabula ir partneriai, UAB | B13: fabula.lt | C13: 702100 | E13: Kūryba | F13: PR | G13: Digital media | H13: PA | I13: 124099127 | J13: LT240991219 | K13: UAB "Fabula ir partneriai" | L13: Gedimino pr. 10-5, Vilnius | M13: Vilnius | N13: info@fabula.lt | P13: 37065631548 | R13: 37 | S13: 34 | T13: -0.081081081 | U13: 40 | V13: 0.17647059 | W13: 40 | X13: 0 | Y13: 42 | Z13: 0.05 | AA13: 44 | AB13: 0.047619048 | AC13: 39 | AD13: 2524 | AE13: 2480 | AF13: -0.017432647 | AG13: 2666 | AH13: 0.075 | AI13: 2813 | AJ13: 0.055138785 | AK13: 3112 | AL13: 0.10629221 | AM13: 3463 | AN13: 0.1127892 | AO13: 3525,44 | AQ13: 2788993 | AR13: 2555815 | AS13: -0.08360652 | AT13: 3502499 | AU13: 0.37040396 | AV13: 3936974 | AW13: 0.12404714 | AX13: 4517735 | AY13: 0.14751456 | AZ13: 5231622 | BA13: 0.15801879 | BB13: 193716 | BC13: 246631 | BD13: 0.27315761 | BE13: 294912 | BF13: 0.19576209 | BG13: 269786 | BH13: -0.085198296 | BI13: 316849 | BJ13: 0.17444567 | BK13: 329162 | BL13: 0.038860782 | BM13: http://www.fabula.lt | BN13: https://rekvizitai.vz.lt/imone/viesuju_rysiu_partneriai/ | BR13: Žemiausia | BS13: 1997-07-03
A14: SOMA Agency (Havas), UAB | B14: somaagency.lt | C14: 731100 | E14: kūryba | G14: Digital media | I14: 302713051 | J14: LT100006633414 | K14: Havas Creative SOMA, UAB | L14: Jogailos g. 4, LT-01116 Vilnius | M14: Vilnius | N14: info@soma.agency | P14: 37061676777 | R14: 28 | S14: 26 | T14: -0.071428571 | U14: 30 | V14: 0.15384615 | W14: 43 | X14: 0.43333333 | Y14: 40 | Z14: -0.069767442 | AA14: 43 | AB14: 0.075 | AC14: 35 | AD14: 1923 | AE14: 2084 | AF14: 0.083723349 | AG14: 2229 | AH14: 0.069577735 | AI14: 2748 | AJ14: 0.23283984 | AK14: 3185 | AL14: 0.15902475 | AM14: 3281 | AN14: 0.030141287 | AO14: 3350,62 | AQ14: 2542792 | AR14: 2699328 | AS14: 0.061560678 | AT14: 3544935 | AU14: 0.31326575 | AV14: 5294859 | AW14: 0.49364065 | AX14: 5094797 | AY14: -0.037784198 | AZ14: 5026701 | BA14: -0.013365793 | BB14: 229725 | BC14: 38351 | BD14: -0.83305692 | BE14: 230336 | BF14: 5.0059972 | BG14: 140814 | BH14: -0.38865831 | BI14: 80642 | BJ14: -0.42731547 | BK14: -152937 | BL14: -2.8964931 | BN14: https://rekvizitai.vz.lt/imone/socialus_marketingas/ | BR14: Žemiausia | BS14: 2012-01-17
A15: Partizanas, UAB | B15: partizanas.lt | C15: 731100 | D15: renginiai | I15: 300065271 | J15: LT100001307515 | K15: Uždaroji akcinė bendrovė "PARTIZANAS" | L15: Kauno g. 16-303, LT-03212 Vilnius | M15: Vilnius | N15: info@partizanas.lt | O15: +370 5 2335527 | R15: 36 | S15: 44 | T15: 0.22222222 | U15: 99 | V15: 1.25 | W15: 82 | X15: -0.17171717 | Y15: 78 | Z15: -0.048780488 | AA15: 31 | AB15: -0.6025641 | AC15: 36 | AD15: 1280 | AE15: 1412 | AF15: 0.103125 | AG15: 1650 | AH15: 0.16855524 | AI15: 2101 | AJ15: 0.27333333 | AK15: 2396 | AL15: 0.14040933 | AM15: 2591 | AN15: 0.081385643 | AO15: 2759,13 | AQ15: 3066953 | AR15: 1961813 | AS15: -0.36033809 | AT15: 3042658 | AU15: 0.55094191 | AV15: 4774281 | AW15: 0.56911523 | AX15: 5838294 | AY15: 0.22286351 | AZ15: 4789830 | BA15: -0.17958397 | BB15: 212789 | BC15: 132198 | BD15: -0.37873668 | BE15: 219867 | BF15: 0.66316434 | BG15: 318475 | BH15: 0.44848931 | BI15: 365605 | BJ15: 0.1479865 | BK15: 132820 | BL15: -0.63671175 | BM15: http://www.partizanas.lt | BN15: https://rekvizitai.vz.lt/imone/partizanas/ | BR15: Žemiausia | BS15: 2004-11-04
A16: Publicum, UAB | B16: publicum.lt | C16: 702100 | F16: pr | I16: 125671759 | J16: LT256717515 | K16: UŽDAROJI AKCINĖ BENDROVĖ "PUBLICUM" | L16: Jogailos g. 4, LT-01116 Vilnius | M16: Vilnius | N16: info@publicum.lt | P16: 37061125839 | R16: 20 | S16: 20 | T16: 0 | U16: 22 | V16: 0.1 | W16: 25 | X16: 0.13636364 | Y16: 26 | Z16: 0.04 | AA16: 24 | AB16: -0.076923077 | AC16: 22 | AD16: 2883 | AE16: 3361 | AF16: 0.16579951 | AG16: 3888 | AH16: 0.15679857 | AI16: 3765 | AJ16: -0.031635802 | AK16: 4390 | AL16: 0.16600266 | AM16: 4929 | AN16: 0.12277904 | AO16: 4917,04 | AQ16: 3590407 | AR16: 3042886 | AS16: -0.15249552 | AT16: 4312296 | AU16: 0.41717304 | AV16: 4312150 | AW16: -3.3856674e-05 | AX16: 4315944 | AY16: 0.00087983952 | AZ16: 4743413 | BA16: 0.099044149 | BB16: 678081 | BC16: 361920 | BD16: -0.46625846 | BE16: 728377 | BF16: 1.0125359 | BG16: 759242 | BH16: 0.042375034 | BI16: 828689 | BJ16: 0.09146886 | BK16: 684359 | BL16: -0.17416667 | BM16: http://www.publicum.lt | BN16: https://rekvizitai.vz.lt/imone/publicum/ | BR16: Žemiausia | BS16: 2001-06-29
A17: SuperYou, UAB | B17: superyou.lt | C17: 731100 | G17: Digital media | I17: 302705193 | J17: LT100007489513 | K17: UAB "SuperYou" | L17: Švitrigailos g. 11B, Vilnius | M17: Vilnius | N17: superyou@superyou.lt | P17: 37068646164 | R17: 16 | S17: 27 | T17: 0.6875 | U17: 41 | V17: 0.51851852 | W17: 52 | X17: 0.26829268 | Y17: 56 | Z17: 0.076923077 | AA17: 50 | AB17: -0.10714286 | AC17: 41 | AD17: 2194 | AE17: 2182 | AF17: -0.0054694622 | AG17: 2407 | AH17: 0.10311641 | AI17: 2574 | AJ17: 0.069380972 | AK17: 2787 | AL17: 0.082750583 | AM17: 3005 | AN17: 0.078220309 | AO17: 3057,22 | AQ17: 1161676 | AR17: 1881602 | AS17: 0.61973046 | AT17: 2745328 | AU17: 0.45903756 | AV17: 3189523 | AW17: 0.16180034 | AX17: 3156815 | AY17: -0.010254825 | AZ17: 3457966 | BA17: 0.095397101 | BB17: 15451 | BC17: 76484 | BD17: 3.9501003 | BE17: 28066 | BF17: -0.63304743 | BG17: 44871 | BH17: 0.59876719 | BI17: 8499 | BJ17: -0.81059036 | BK17: 10004 | BL17: 0.17707966 | BM17: http://www.superyou.lt | BN17: https://rekvizitai.vz.lt/imone/the_xx/ | BR17: Žema | BS17: 2011-12-30
A18: co:agency, UAB | B18: coagency.lt | C18: 702200 | F18: pr | I18: 300078393 | J18: LT100001552013 | K18: UAB coagency | L18: Paupio g. 50-136, LT-11341 Vilnius | M18: Vilnius | N18: info@coagency.lt | P18: 37065559478 | R18: 21 | S18: 21 | T18: 0 | U18: 26 | V18: 0.23809524 | W18: 27 | X18: 0.038461538 | Y18: 26 | Z18: -0.037037037 | AA18: 24 | AB18: -0.076923077 | AC18: 33 | AD18: 1975 | AE18: 1912 | AF18: -0.031898734 | AG18: 2050 | AH18: 0.072175732 | AI18: 2306 | AJ18: 0.12487805 | AK18: 2557 | AL18: 0.10884649 | AM18: 2745 | AN18: 0.073523661 | AO18: 2984,40 | AQ18: 2883332 | AR18: 2684538 | AS18: -0.068945928 | AT18: 3293875 | AU18: 0.22698021 | AV18: 3529291 | AW18: 0.071470836 | AX18: 4148973 | AY18: 0.17558257 | AZ18: 3374832 | BA18: -0.18658617 | BB18: 94625 | BC18: 205039 | BD18: 1.1668587 | BE18: 219463 | BF18: 0.070347592 | BG18: 281973 | BH18: 0.28483161 | BI18: 220705 | BJ18: -0.21728322 | BK18: 281779 | BL18: 0.27672232 | BM18: http://www.coagency.lt | BN18: https://rekvizitai.vz.lt/imone/coagency/ | BR18: Žemiausia | BS18: 2005-01-06
A19: NEW! Creative Agency, UAB | B19: newcreative.lt | C19: 731100 | E19: Kūryba | I19: 302704981 | J19: LT100006600519 | K19: UAB "New Agency" | L19: A. Goštauto g. 40-1, Vilnius | M19: Vilnius | N19: goodnews@newisnew.lt | P19: 37060870533 | R19: 16 | S19: 19 | T19: 0.1875 | U19: 23 | V19: 0.21052632 | W19: 26 | X19: 0.13043478 | Y19: 27 | Z19: 0.038461538 | AA19: 25 | AB19: -0.074074074 | AC19: 19 | AD19: 1952 | AE19: 1803 | AF19: -0.076331967 | AG19: 1970 | AH19: 0.092623405 | AI19: 2512 | AJ19: 0.2751269 | AK19: 2995 | AL19: 0.19227707 | AM19: 3105 | AN19: 0.03672788 | AO19: 3428,82 | AQ19: 1642462 | AR19: 2170995 | AS19: 0.32179314 | AT19: 2012184 | AU19: -0.073151251 | AV19: 2854292 | AW19: 0.41850447 | AX19: 3034911 | AY19: 0.063279791 | AZ19: 3272793 | BA19: 0.07838187 | BB19: 5768 | BC19: 4980 | BD19: -0.13661581 | BE19: -93219 | BF19: -19.718675 | BG19: 68130 | BH19: 1.7308596 | BI19: -30674 | BJ19: -1.4502275 | BK19: 30560 | BL19: 1.9962835 | BM19: http://www.newisnew.lt | BN19: https://rekvizitai.vz.lt/imone/new_agency/ | BO19: https://www.facebook.com/NewCreativeAgency/ | BR19: Žema | BS19: 2011-12-30
A20: Not Perfect, UAB | B20: notperfect.lt | C20: 731100 | E20: Kūryba | I20: 300529266 | J20: LT100002437412 | K20: UAB "Not Perfect Vilnius" | L20: Antakalnio g. 17, LT-10312 Vilnius | M20: Vilnius | N20: vilnius@notperfect.com | P20: 37067344446 | R20: 13 | S20: 18 | T20: 0.38461538 | U20: 30 | V20: 0.66666667 | W20: 35 | X20: 0.16666667 | Y20: 37 | Z20: 0.057142857 | AA20: 35 | AB20: -0.054054054 | AC20: 31 | AD20: 1427 | AE20: 1617 | AF20: 0.13314646 | AG20: 2218 | AH20: 0.37167594 | AI20: 2630 | AJ20: 0.18575293 | AK20: 3213 | AL20: 0.221673 | AM20: 3248 | AN20: 0.010893246 | AO20: 2844,20 | AQ20: 2461430 | AR20: 2095356 | AS20: -0.14872412 | AT20: 3406485 | AU20: 0.6257309 | AV20: 3253190 | AW20: -0.045000932 | AX20: 4214370 | AY20: 0.29545769 | AZ20: 3158150 | BA20: -0.25062346 | BB20: 118464 | BC20: 102345 | BD20: -0.13606665 | BE20: 225233 | BF20: 1.200723 | BG20: 130725 | BH20: -0.41960104 | BI20: 50994 | BJ20: -0.60991394 | BK20: -73517 | BL20: -2.4416794 | BM20: http://www.notperfect.com/ | BN20: https://rekvizitai.vz.lt/imone/not_perfect/ | BR20: Žemiausia | BS20: 2006-01-24
A21: Idea Prima, UAB | B21: ideaprima.lt | C21: 702100 | F21: PR | I21: 126093354 | J21: LT260933515 | K21: UAB "Idea prima" | L21: Pylimo g. 58, LT-01307 Vilnius | M21: Vilnius | N21: info@ideaprima.lt | O21: +370 5 2120317 | R21: 30 | S21: 26 | T21: -0.13333333 | U21: 31 | V21: 0.19230769 | W21: 37 | X21: 0.19354839 | Y21: 36 | Z21: -0.027027027 | AA21: 30 | AB21: -0.16666667 | AC21: 24 | AD21: 1979 | AE21: 2145 | AF21: 0.083880748 | AG21: 2734 | AH21: 0.27459207 | AI21: 2592 | AJ21: -0.051938552 | AK21: 2930 | AL21: 0.13040123 | AM21: 3374 | AN21: 0.15153584 | AO21: 4168,51 | AQ21: 2121009 | AR21: 2078484 | AS21: -0.02004942 | AT21: 2384972 | AU21: 0.14745747 | AV21: 2603242 | AW21: 0.091518894 | AX21: 3033004 | AY21: 0.16508723 | AZ21: 2912372 | BA21: -0.039773109 | BB21: 157012 | BC21: 195838 | BD21: 0.24728046 | BE21: 143615 | BF21: -0.26666428 | BG21: 172279 | BH21: 0.19958918 | BI21: 119309 | BJ21: -0.30746638 | BK21: 31793 | BL21: -0.73352387 | BM21: http://www.ideaprima.lt | BN21: https://rekvizitai.vz.lt/imone/idea_prima/ | BO21: https://www.facebook.com/kasnaujoposaule | BP21: https://www.instagram.com/idea.prima/ | BR21: Žemiausia | BS21: 2002-11-27
A22: INK Agency, UAB | B22: inkagency.lt | C22: 702100 | F22: PR | G22: Digital media | I22: 300122046 | J22: LT100001738313 | K22: UAB "INK agency" | L22: Paupio g. 50-136, LT-11341 Vilnius | M22: Vilnius | N22: info@inkagency.lt | O22: +370 5 2102060 | P22: 37069678913 | R22: 21 | S22: 19 | T22: -0.095238095 | U22: 30 | V22: 0.57894737 | W22: 23 | X22: -0.23333333 | Y22: 19 | Z22: -0.17391304 | AA22: 19 | AB22: 0 | AC22: 20 | AD22: 2641 | AE22: 2472 | AF22: -0.063990913 | AG22: 2653 | AH22: 0.073220065 | AI22: 3013 | AJ22: 0.13569544 | AK22: 3356 | AL22: 0.11384003 | AM22: 3590 | AN22: 0.069725864 | AO22: 3599,04 | AQ22: 1437630 | AR22: 1657585 | AS22: 0.15299834 | AT22: 2138268 | AU22: 0.28998996 | AV22: 2505905 | AW22: 0.17193214 | AX22: 2356412 | AY22: -0.059656292 | AZ22: 2822488 | BA22: 0.19779054 | BB22: 29499 | BC22: 182089 | BD22: 5.1727177 | BE22: 92031 | BF22: -0.49458232 | BG22: 169053 | BH22: 0.83691365 | BI22: 171879 | BJ22: 0.016716651 | BK22: 134463 | BL22: -0.21768802 | BM22: http://www.inkagency.lt | BN22: https://rekvizitai.vz.lt/imone/ink_agency/ | BO22: https://www.facebook.com/inkagency.lt | BR22: Žemiausia | BS22: 2005-06-09
A23: Astos dizainas, UAB | C23: 731100 | E23: Kūryba | I23: 123932858 | J23: LT239328515 | K23: Uždaroji akcinė bendrovė "ASTOS DIZAINAS" | L23: Maironio g. 11, Vilnius | M23: Vilnius | N23: hello@truth.lt | O23: +370 5 2124509 | P23: 37061914508 | Q23: +370 619 14508 | R23: 31 | S23: 27 | T23: -0.12903226 | U23: 27 | V23: 0 | W23: 26 | X23: -0.037037037 | Y23: 25 | Z23: -0.038461538 | AA23: 27 | AB23: 0.08 | AC23: 25 | AD23: 2507 | AE23: 2557 | AF23: 0.019944156 | AG23: 2648 | AH23: 0.03558858 | AI23: 2759 | AJ23: 0.041918429 | AK23: 3002 | AL23: 0.08807539 | AM23: 3258 | AN23: 0.085276482 | AO23: 3100,24 | AQ23: 3492270 | AR23: 2865990 | AS23: -0.17933321 | AT23: 2310000 | AU23: -0.19399579 | AV23: 2365263 | AW23: 0.023923377 | AX23: 3544704 | AY23: 0.4986511 | AZ23: 2697617 | BA23: -0.23897256 | BB23: 181900 | BC23: 215262 | BD23: 0.18340847 | BE23: 44571 | BF23: -0.79294534 | BG23: -8181 | BH23: -1.1835498 | BI23: 262086 | BJ23: 33.035937 | BK23: 6319 | BL23: -0.97588959 | BM23: http://truth.lt | BN23: https://rekvizitai.vz.lt/imone/astos_dizainas/ | BR23: Žemiausia | BS23: 1997-03-14
A24: Integrity PR, UAB | B24: integrity.lt | C24: 702100 | F24: PR | I24: 111688780 | J24: LT116887811 | K24: UAB "INTEGRITY PR" | L24: Šv. Ignoto g. 5, LT-01144 Vilnius | M24: Vilnius | N24: info@integrity.lt | O24: +370 5 2685135 | R24: 24 | S24: 25 | T24: 0.041666667 | U24: 25 | V24: 0 | W24: 26 | X24: 0.04 | Y24: 25 | Z24: -0.038461538 | AA24: 25 | AB24: 0 | AC24: 25 | AD24: 2463 | AE24: 2430 | AF24: -0.013398295 | AG24: 3043 | AH24: 0.25226337 | AI24: 2910 | AJ24: -0.043706868 | AK24: 3402 | AL24: 0.16907216 | AM24: 3253 | AN24: -0.043797766 | AO24: 3030,33 | AQ24: 1653501 | AR24: 1636617 | AS24: -0.010211061 | AT24: 2400631 | AU24: 0.46682516 | AV24: 2555494 | AW24: 0.064509289 | AX24: 2714172 | AY24: 0.062092887 | AZ24: 2679018 | BA24: -0.012952016 | BB24: 201395 | BC24: 198548 | BD24: -0.014136399 | BE24: 168857 | BF24: -0.14954067 | BG24: 240546 | BH24: 0.4245545 | BI24: 236314 | BJ24: -0.017593309 | BK24: 229286 | BL24: -0.029740092 | BM24: http://www.integrity.lt | BN24: https://rekvizitai.vz.lt/imone/integrity_pr/ | BO24: https://www.facebook.com/integritypr | BP24: https://www.instagram.com/integrity_pr/ | BQ24: https://www.linkedin.com/company/integrity-pr/ | BR24: Žemiausia | BS24: 2000-01-21
A25: Influenceriai.lt, UAB | B25: influenceriai.lt | C25: 731100 | D25: Reklamos agentūrų veikla | I25: 304747369 | J25: LT100011387310 | K25: UAB "Nuomonės lyderiai" | L25: Žygio g. 97A, LT-08236 Vilnius | M25: Vilnius | N25: hello@influenceriai.lt | P25: 37068038668 | R25: 3 | S25: 5 | T25: 0.66666667 | U25: 8 | V25: 0.6 | W25: 12 | X25: 0.5 | Y25: 12 | Z25: 0 | AA25: 13 | AB25: 0.083333333 | AC25: 12 | AD25: 1764 | AE25: 1914 | AF25: 0.085034014 | AG25: 2004 | AH25: 0.047021944 | AI25: 2143 | AJ25: 0.069361277 | AK25: 2169 | AL25: 0.012132524 | AM25: 2452 | AN25: 0.13047487 | AO25: 2688,34 | AQ25: 585857 | AR25: 1002530 | AS25: 0.71121963 | AT25: 1493124 | AU25: 0.48935593 | AV25: 1800902 | AW25: 0.20613023 | AX25: 1925562 | AY25: 0.069220868 | AZ25: 2454743 | BA25: 0.27481899 | BB25: 65878 | BC25: 82155 | BD25: 0.24707793 | BE25: 84513 | BF25: 0.028701844 | BG25: 25215 | BH25: -0.70164353 | BI25: 82666 | BJ25: 2.2784454 | BK25: 141326 | BL25: 0.7096025 | BM25: http://www.influenceriai.lt | BN25: https://rekvizitai.vz.lt/imone/nuomones_lyderiai/ | BO25: https://www.facebook.com/influenceriai.lt/ | BR25: Žemiausia | BS25: 2018-01-11
A26: Expertmedia, UAB | B26: expertmedia.lt | C26: 731100 | D26: Reklamos agentūrų veikla | I26: 301536032 | J26: LT100010428215 | K26: UAB "RAKVA" | L26: Šeškinės Sodų g. 12-51, Vilnius | M26: Vilnius | N26: zygimantas@expertmedia.lt | O26: +370 686 62078 | R26: 5 | S26: 9 | T26: 0.8 | U26: 11 | V26: 0.22222222 | W26: 13 | X26: 0.18181818 | Y26: 15 | Z26: 0.15384615 | AA26: 20 | AB26: 0.33333333 | AC26: 21 | AD26: 831 | AE26: 1019 | AF26: 0.22623345 | AG26: 1264 | AH26: 0.2404318 | AI26: 1660 | AJ26: 0.31329114 | AK26: 1792 | AL26: 0.079518072 | AM26: 2026 | AN26: 0.13058036 | AO26: 1966,87 | AQ26: 429578 | AR26: 433516 | AS26: 0.0091671361 | AT26: 727671 | AU26: 0.6785332 | AV26: 1065013 | AW26: 0.46359138 | AX26: 1326126 | AY26: 0.24517353 | AZ26: 1806257 | BA26: 0.36205534 | BB26: 176490 | BC26: 142713 | BD26: -0.19138195 | BE26: 263114 | BF26: 0.84365825 | BG26: 270828 | BH26: 0.02931809 | BI26: 264019 | BJ26: -0.025141418 | BK26: 354039 | BL26: 0.34096031 | BM26: http://www.expertmedia.lt | BN26: https://rekvizitai.vz.lt/imone/uab_rakva/ | BO26: https://www.facebook.com/expertmedia.lt | BP26: https://www.instagram.com/expertmedia.marketing/ | BQ26: https://www.linkedin.com/company/expertmedia-lietuva | BR26: Žema | BS26: 2008-02-04
A27: Sons & Daughters, UAB | C27: 731100 | E27: Kūryba | I27: 111621671 | J27: LT116216716 | K27: UAB "Sons & Daughters" | L27: J. Basanavičiaus g. 26, LT-03224 Vilnius | M27: Vilnius | N27: hi@sonsdaughters.lt | O27: +370 5 2312190 | R27: 15 | S27: 14 | T27: -0.066666667 | U27: 15 | V27: 0.071428571 | W27: 16 | X27: 0.066666667 | Y27: 18 | Z27: 0.125 | AA27: 18 | AB27: 0 | AC27: 17 | AD27: 2045 | AE27: 1657 | AF27: -0.18973105 | AG27: 2046 | AH27: 0.23476162 | AI27: 2269 | AJ27: 0.10899316 | AK27: 2874 | AL27: 0.26663729 | AM27: 3260 | AN27: 0.13430759 | AO27: 3384,45 | AQ27: 1489138 | AR27: 924221 | AS27: -0.37935839 | AT27: 641943 | AU27: -0.30542262 | AV27: 1895806 | AW27: 1.9532311 | AX27: 1885334 | AY27: -0.0055237719 | AZ27: 1795590 | BA27: -0.047601115 | BB27: 40764 | BC27: 31004 | BD27: -0.23942695 | BE27: -69609 | BF27: -3.2451619 | BG27: 39446 | BH27: 1.5666796 | BI27: 41716 | BJ27: 0.057547026 | BK27: 14732 | BL27: -0.64685013 | BM27: https://www.sonsdaughters.lt | BN27: https://rekvizitai.vz.lt/imone/ddb_vilnius/ | BO27: https://www.facebook.com/sons.daughters.agency | BR27: Žemiausia | BS27: 1998-02-19
A28: Headline, UAB | B28: headline.lt | C28: 702100 | F28: PR | I28: 301163601 | J28: LT100003575114 | K28: UAB "Headline Agency" | L28: Mėsinių g. 5, Vilnius | M28: Vilnius | N28: info@headline.lt | P28: 37068504820 | R28: 18 | S28: 15 | T28: -0.16666667 | U28: 13 | V28: -0.13333333 | W28: 15 | X28: 0.15384615 | Y28: 15 | Z28: 0 | AA28: 15 | AB28: 0 | AC28: 14 | AD28: 2233 | AE28: 2502 | AF28: 0.12046574 | AG28: 2615 | AH28: 0.045163869 | AI28: 2799 | AJ28: 0.070363289 | AK28: 3015 | AL28: 0.077170418 | AM28: 3176 | AN28: 0.053399668 | AO28: 3453,01 | AQ28: 1281358 | AR28: 1148506 | AS28: -0.10368063 | AT28: 1200820 | AU28: 0.04554961 | AV28: 1212715 | AW28: 0.0099057311 | AX28: 1844085 | AY28: 0.52062521 | AZ28: 1572640 | BA28: -0.14719766 | BB28: 183083 | BC28: 243883 | BD28: 0.33208982 | BE28: 160993 | BF28: -0.33987609 | BG28: 42675 | BH28: -0.73492636 | BI28: 208473 | BJ28: 3.8851318 | BK28: 45107 | BL28: -0.78363145 | BM28: http://www.headline.lt | BN28: https://rekvizitai.vz.lt/imone/headline_agency/ | BR28: Žemiausia | BS28: 2007-10-18
A29: Synthesis Consulting Group, UAB | B29: synthesis.lt | C29: 731100 | D29: Reklamos agentūrų veikla | I29: 304229686 | J29: LT100010176811 | K29: UAB "Synthesis Consulting Group" | L29: Raugyklos g. 21-2, Vilnius | M29: Vilnius | N29: gediminas@synthesiscg.com | Q29: +370 684 64083 | R29: 3 | S29: 4 | T29: 0.33333333 | U29: 4 | V29: 0 | W29: 5 | X29: 0.25 | Y29: 7 | Z29: 0.4 | AA29: 11 | AB29: 0.57142857 | AC29: 18 | AD29: \N | AE29: 1195 | AF29: \N | AG29: 1060 | AH29: -0.11297071 | AI29: 1269 | AJ29: 0.19716981 | AK29: 1899 | AL29: 0.4964539 | AM29: 2711 | AN29: 0.42759347 | AO29: 3199,51 | AQ29: 328025 | AR29: 451893 | AS29: 0.37761756 | AT29: 614560 | AU29: 0.35996796 | AV29: 766536 | AW29: 0.24729237 | AX29: 1054535 | AY29: 0.3757149 | AZ29: 1415385 | BA29: 0.34218874 | BB29: 107649 | BC29: 167397 | BD29: 0.55502606 | BE29: 293105 | BF29: 0.75095731 | BG29: 365575 | BH29: 0.24724928 | BI29: 486355 | BJ29: 0.33038364 | BK29: 518099 | BL29: 0.065269196 | BM29: https://synthesiscg.com/ | BN29: https://rekvizitai.vz.lt/imone/synthesis_consulting_group/ | BR29: Žemiausia | BS29: 2016-04-26
A30: We Are Marketing, UAB | B30: wearemarketing.lt | C30: 731100 | D30: Reklamos agentūrų veikla | I30: 302856900 | J30: LT100007131714 | K30: We Are Marketing, UAB | L30: Didžioji g. 30, LT-01128 Vilnius | M30: Vilnius | N30: hello@wearemarketing.lt | P30: 37062765286 | R30: 10 | S30: 10 | T30: 0 | U30: 17 | V30: 0.7 | W30: 21 | X30: 0.23529412 | Y30: 22 | Z30: 0.047619048 | AA30: 23 | AB30: 0.045454545 | AC30: 26 | AD30: 2052 | AE30: 2182 | AF30: 0.063352827 | AG30: 2301 | AH30: 0.054537122 | AI30: 2659 | AJ30: 0.15558453 | AK30: 2964 | AL30: 0.11470478 | AM30: 3336 | AN30: 0.12550607 | AO30: 4047,20 | AQ30: 338919 | AR30: 514461 | AS30: 0.51794677 | AT30: 747732 | AU30: 0.45342796 | AV30: 966637 | AW30: 0.29275864 | AX30: 1097125 | AY30: 0.13499173 | AZ30: 1247022 | BA30: 0.13662709 | BB30: -3515 | BC30: 92489 | BD30: 27.31266 | BE30: 44239 | BF30: -0.52168366 | BG30: -31125 | BH30: -1.7035647 | BI30: 9018 | BJ30: 1.2897349 | BK30: 111214 | BL30: 11.332446 | BM30: https://wearemarketing.lt | BN30: https://rekvizitai.vz.lt/imone/we_are_marketing_uab/ | BR30: Žemiausia | BS30: 2012-09-07
A31: Du Dvylika, UAB | C31: 731100 | E31: Kūryba | I31: 302535912 | J31: LT100005596915 | K31: UAB Du Dvylika | L31: J. Jasinskio g. 14B-102, Vilnius | M31: Vilnius | N31: jolanta@clinic212.lt | O31: +370 687 25465 | P31: 37069872889 | R31: 20 | S31: 18 | T31: -0.1 | U31: 19 | V31: 0.055555556 | W31: 22 | X31: 0.15789474 | Y31: 15 | Z31: -0.31818182 | AA31: 10 | AB31: -0.33333333 | AC31: 9 | AD31: 2654 | AE31: 2194 | AF31: -0.17332329 | AG31: 2888 | AH31: 0.31631723 | AI31: 2866 | AJ31: -0.0076177285 | AK31: 3251 | AL31: 0.13433357 | AM31: 3475 | AN31: 0.068901876 | AO31: 3781,30 | AQ31: 1758089 | AR31: 981515 | AS31: -0.44171484 | AT31: 1573797 | AU31: 0.60343652 | AV31: 1401240 | AW31: -0.10964375 | AX31: 1023984 | AY31: -0.26923011 | AZ31: 970809 | BA31: -0.051929522 | BB31: 2568 | BC31: -60714 | BD31: -24.642523 | BE31: 89068 | BF31: 2.4670093 | BG31: 44835 | BH31: -0.49662056 | BI31: -237451 | BJ31: -6.296108 | BK31: 45410 | BL31: 1.1912395 | BM31: http://www.clinic212.lt | BN31: https://rekvizitai.vz.lt/imone/uab_du_dvylika/ | BR31: Vidutinė | BS31: 2010-08-11
A32: Be reklamos negerai, UAB | B32: bereklamosnegerai.lt | C32: 731100 | D32: Reklamos agentūrų veikla | I32: 304933014 | J32: LT100011997316 | K32: UAB "Ateities rinkodara" | L32: Latvių g. 15, 1 aukštas, LT-08123 Vilnius | M32: Vilnius | N32: info@bereklamosnegerai.lt | P32: 37062177711 | R32: 2 | S32: 2 | T32: 0 | U32: 8 | V32: 3 | W32: 15 | X32: 0.875 | Y32: 15 | Z32: 0 | AA32: 18 | AB32: 0.2 | AC32: 17 | AD32: \N | AE32: \N | AF32: \N | AG32: 1201 | AH32: \N | AI32: 1353 | AJ32: 0.1265612 | AK32: 1957 | AL32: 0.44641537 | AM32: 2075 | AN32: 0.060296372 | AO32: 2326,87 | AQ32: 52181 | AR32: 120421 | AS32: 1.3077557 | AT32: 470300 | AU32: 2.905465 | AV32: 733653 | AW32: 0.55996811 | AX32: 999514 | AY32: 0.36237976 | AZ32: 853822 | BA32: -0.14576284 | BB32: -6006 | BC32: 44975 | BD32: 8.488345 | BE32: 47893 | BF32: 0.064880489 | BG32: 27646 | BH32: -0.42275489 | BI32: -18442 | BJ32: -1.6670766 | BK32: -94467 | BL32: -4.1223837 | BM32: http://www.bereklamosnegerai.lt/ | BN32: https://rekvizitai.vz.lt/imone/ateities_rinkodara/ | BO32: https://www.facebook.com/bereklamosnegerai.lt/ | BP32: https://www.instagram.com/be_reklamos_negerai/ | BQ32: https://www.linkedin.com/company/be-reklamos-negerai | BR32: Aukšta | BS32: 2018-10-12
A33: RAIBEC, UAB | B33: raibec.lt | C33: 620100 | D33: Kompiuterių programavimo veikla | I33: 148508931 | J33: LT485089314 | K33: UAB "LITS" | L33: Nemuno g. 76-34, LT-35190 Panevėžys | M33: Panevėžys | N33: info@lits.lt | P33: 37063000933 | R33: 8 | S33: 8 | T33: 0 | U33: 5 | V33: -0.375 | W33: 5 | X33: 0 | Y33: 7 | Z33: 0.4 | AA33: 7 | AB33: 0 | AC33: 9 | AD33: 1445 | AE33: 1860 | AF33: 0.28719723 | AG33: 2168 | AH33: 0.1655914 | AI33: 2786 | AJ33: 0.28505535 | AK33: 2400 | AL33: -0.13854989 | AM33: 2948 | AN33: 0.22833333 | AO33: 3364,73 | AQ33: 388517 | AR33: 481436 | AS33: 0.23916328 | AT33: 545455 | AU33: 0.1329751 | AV33: 555622 | AW33: 0.018639484 | AX33: 539977 | AY33: -0.028157632 | AZ33: 843249 | BA33: 0.56163874 | BB33: -35923 | BC33: -31585 | BD33: 0.12075829 | BE33: 47420 | BF33: 2.5013456 | BG33: -7750 | BH33: -1.1634332 | BI33: 3530 | BJ33: 1.4554839 | BK33: 2897 | BL33: -0.17932011 | BM33: https://www.lits.lt | BN33: https://rekvizitai.vz.lt/imone/raibec_be_efficient_online/ | BR33: Žemiausia | BS33: 2003-01-22
A34: Smart, UAB | B34: smarts.lt | C34: 731100 | D34: Reklamos agentūrų veikla | I34: 126327871 | J34: LT263278716 | K34: UAB "Protingi sprendimai" | L34: Kęstučio g. 65-201, Vilnius | M34: Vilnius | N34: info@smarts.lt | O34: +370 5 2313933 | R34: 17 | S34: 15 | T34: -0.11764706 | U34: 15 | V34: 0 | W34: 15 | X34: 0 | Y34: 14 | Z34: -0.066666667 | AA34: 15 | AB34: 0.071428571 | AC34: 15 | AD34: 1300 | AE34: 1249 | AF34: -0.039230769 | AG34: 1588 | AH34: 0.27141713 | AI34: 1795 | AJ34: 0.13035264 | AK34: 1791 | AL34: -0.0022284123 | AM34: 1938 | AN34: 0.082077052 | AO34: 2209,90 | AQ34: 595599 | AR34: 561515 | AS34: -0.057226422 | AT34: 762011 | AU34: 0.35706259 | AV34: 838212 | AW34: 0.099999869 | AX34: 769072 | AY34: -0.082485099 | AZ34: 835662 | BA34: 0.086584871 | BB34: 35717 | BC34: 103404 | BD34: 1.895092 | BE34: 77632 | BF34: -0.24923601 | BG34: 83201 | BH34: 0.071735882 | BI34: 67259 | BJ34: -0.19160827 | BK34: 54979 | BL34: -0.1825778 | BM34: http://www.smarts.lt | BN34: https://rekvizitai.vz.lt/imone/protingi_sprendimai/ | BR34: Žemiausia | BS34: 2003-09-22
A35: Nomads, UAB | B35: nomads.lt | C35: 721100 | D35: Biotechnologijos moksliniai tyrimai ir taikomoji veikla | I35: 302441263 | J35: LT100005225412 | K35: UAB "Nomads" | L35: Mokslininkų g. 2, Vilnius | M35: Vilnius | N35: \N | O35: +370 5 2331589 | P35: 37067965278 | R35: 11 | S35: 11 | T35: 0 | U35: 11 | V35: 0 | W35: 11 | X35: 0 | Y35: 11 | Z35: 0 | AA35: 7 | AB35: -0.36363636 | AC35: 2 | AD35: 3769 | AE35: 2903 | AF35: -0.22976917 | AG35: 2960 | AH35: 0.01963486 | AI35: 3094 | AJ35: 0.04527027 | AK35: 3041 | AL35: -0.017129929 | AM35: 2976 | AN35: -0.021374548 | AO35: \N | AQ35: 370000 | AR35: 370012 | AS35: 3.2432432e-05 | AT35: 370306 | AU35: 0.00079456882 | AV35: 370010 | AW35: -0.00079933893 | AX35: 403000 | AY35: 0.089159752 | AZ35: 675612 | BA35: 0.67645658 | BB35: 3481 | BC35: 39130 | BD35: 10.241023 | BE35: 27424 | BF35: -0.29915666 | BG35: -117809 | BH35: -5.2958358 | BI35: -220748 | BJ35: -0.87377874 | BK35: 146126 | BL35: 1.6619584 | BN35: https://rekvizitai.vz.lt/imone/uab_nomads/ | BR35: Žemiausia | BS35: 2009-09-28
A36: Maniac, UAB | B36: maniac.lt | C36: 702200 | F36: PR | I36: 110889086 | J36: LT108890811 | K36: UAB "Maniakai" | L36: J. Jasinskio g. 16A, LT-03163 Vilnius | M36: Vilnius | N36: maniac@maniac.lt | O36: +370 5 2791747 | R36: 7 | S36: 8 | T36: 0.14285714 | U36: 7 | V36: -0.125 | W36: 7 | X36: 0 | Y36: 6 | Z36: -0.14285714 | AA36: 6 | AB36: 0 | AC36: 6 | AD36: 1994 | AE36: 1582 | AF36: -0.20661986 | AG36: 1820 | AH36: 0.15044248 | AI36: 1975 | AJ36: 0.085164835 | AK36: 2056 | AL36: 0.041012658 | AM36: 1935 | AN36: -0.05885214 | AO36: 1593,45 | AQ36: 517914 | AR36: 544393 | AS36: 0.051126249 | AT36: 670268 | AU36: 0.23122083 | AV36: 645477 | AW36: -0.036986698 | AX36: 640668 | AY36: -0.0074503042 | AZ36: 645283 | BA36: 0.0072034189 | BB36: 129879 | BC36: 128289 | BD36: -0.012242164 | BE36: 216103 | BF36: 0.6845014 | BG36: 195790 | BH36: -0.093996844 | BI36: 219317 | BJ36: 0.12016446 | BK36: 222567 | BL36: 0.014818733 | BM36: http://www.maniac.lt | BN36: https://rekvizitai.vz.lt/imone/maniakai/ | BR36: Žemiausia | BS36: 2003-04-17
A37: Convo, UAB | B37: convo.lt | C37: 731100 | D37: Reklamos agentūrų veikla | I37: 304754709 | J37: LT100011432219 | K37: UAB "Sėkmingi" | L37: Putvinskio g. 62, LT-44211 Kaunas | M37: Kaunas | N37: hello@convo.lt | O37: +370 687 73251 | R37: 4 | S37: 6 | T37: 0.5 | U37: 8 | V37: 0.33333333 | W37: 10 | X37: 0.25 | Y37: 12 | Z37: 0.2 | AA37: 12 | AB37: 0 | AC37: 13 | AD37: 825 | AE37: 915 | AF37: 0.10909091 | AG37: 1144 | AH37: 0.25027322 | AI37: 1415 | AJ37: 0.23688811 | AK37: 1933 | AL37: 0.36607774 | AM37: 2028 | AN37: 0.049146405 | AO37: 2024,81 | AQ37: 76508 | AR37: 111249 | AS37: 0.45408323 | AT37: 205766 | AU37: 0.84959865 | AV37: 370276 | AW37: 0.7995004 | AX37: 534736 | AY37: 0.44415517 | AZ37: 514040 | BA37: -0.038703211 | BB37: -2709 | BC37: 0 | BD37: 1 | BE37: 2662 | BF37: \N | BG37: 13356 | BH37: 4.0172802 | BI37: 51317 | BJ37: 2.8422432 | BK37: 17322 | BL37: -0.66245104 | BM37: http://www.convo.lt | BN37: https://rekvizitai.vz.lt/imone/sekmingi/ | BO37: https://www.facebook.com/agencyconvo | BQ37: https://www.linkedin.com/company/agencyconvo | BR37: Žemiausia | BS37: 2018-01-26
A38: Particle PR, UAB | B38: particlepr.lt | C38: 702100 | F38: PR | I38: 306313364 | J38: LT100016237315 | K38: UAB Particle PR | L38: Raugyklos g. 21-15, Vilnius | M38: Vilnius | N38: kskindelyte@gmail.com | P38: 37060063171 | R38: \N | S38: \N | T38: \N | U38: \N | V38: \N | W38: \N | X38: \N | Y38: 5 | Z38: \N | AA38: 6 | AB38: 0.2 | AC38: 7 | AD38: \N | AE38: \N | AF38: \N | AG38: \N | AH38: \N | AI38: \N | AJ38: \N | AK38: 2871 | AL38: \N | AM38: 2938 | AN38: 0.023336816 | AO38: 3042,61 | AS38: \N | AU38: \N | AW38: \N | AX38: 133678 | AY38: \N | AZ38: 474855 | BA38: 2.55223 | BD38: \N | BF38: \N | BH38: \N | BI38: 30861 | BJ38: \N | BK38: 74154 | BL38: 1.4028385 | BN38: https://rekvizitai.vz.lt/imone/perception_lab/ | BR38: Žemiausia | BS38: 2023-05-09
A39: Panama Agency, UAB | B39: panamaagency.lt | C39: 731100 | F39: PR | I39: 305678883 | J39: LT100013724319 | K39: MB Panama agency | L39: Liepų g. 83, LT-92195 Klaipėda | M39: Klaipėda | N39: info@agencypanama.lt | P39: 37064119828 | R39: \N | S39: \N | T39: \N | U39: 1 | V39: \N | W39: 2 | X39: 1 | Y39: 3 | Z39: 0.5 | AA39: 5 | AB39: 0.66666667 | AC39: 8 | AD39: \N | AE39: \N | AF39: \N | AG39: \N | AH39: \N | AI39: \N | AJ39: \N | AK39: 1420 | AL39: \N | AM39: 1995 | AN39: 0.40492958 | AO39: 2159,38 | AS39: \N | AT39: 71239 | AU39: \N | AV39: 187499 | AW39: 1.6319713 | AX39: 239698 | AY39: 0.27839615 | AZ39: 407865 | BA39: 0.70157865 | BD39: \N | BE39: 8688 | BF39: \N | BG39: 36059 | BH39: 3.1504374 | BI39: 12907 | BJ39: -0.64205885 | BK39: 60868 | BL39: 3.7158906 | BM39: http://agencypanama.lt | BN39: https://rekvizitai.vz.lt/imone/panama_agency/ | BO39: https://www.facebook.com/agencypanama | BP39: https://www.instagram.com/agencypanama.lt | BQ39: https://www.linkedin.com/company/agencypanama | BR39: Žemiausia | BS39: 2021-01-11
A40: IC Baltic, UAB | C40: 702100 | D40: Viešųjų ryšių ir komunikacijos veikla | I40: 300016915 | J40: LT100000966518 | K40: UAB "IC BALTIC" | L40: Manufaktūrų g. 20-232, LT-11342 Vilnius | M40: Vilnius | N40: office@impactadvisory.eu | P40: 37061526019 | R40: 5 | S40: 3 | T40: -0.4 | U40: 4 | V40: 0.33333333 | W40: 5 | X40: 0.25 | Y40: 6 | Z40: 0.2 | AA40: 3 | AB40: -0.5 | AC40: 1 | AD40: 1572 | AE40: 2349 | AF40: 0.49427481 | AG40: 2364 | AH40: 0.006385696 | AI40: 1821 | AJ40: -0.22969543 | AK40: 2005 | AL40: 0.10104338 | AM40: 2055 | AN40: 0.024937656 | AO40: \N | AQ40: 135593 | AR40: 140132 | AS40: 0.033475179 | AT40: 204229 | AU40: 0.45740445 | AV40: 308709 | AW40: 0.51158259 | AX40: 463961 | AY40: 0.50290727 | AZ40: 339411 | BA40: -0.26844929 | BB40: 12672 | BC40: 733 | BD40: -0.94215593 | BE40: 5655 | BF40: 6.7148704 | BG40: -48 | BH40: -1.0084881 | BI40: 1304 | BJ40: 28.166667 | BK40: 789 | BL40: -0.39493865 | BM40: https://www.impactadvisory.eu | BN40: https://rekvizitai.vz.lt/imone/ic_baltic/ | BR40: Žemiausia | BS40: 2004-04-09
A41: Tarela, UAB | B41: tarela.lt | C41: 731100 | E41: Kūryba | I41: 124257787 | J41: LT242577811 | K41: Uždaroji akcinė bendrovė "TARELA" | L41: Kražių g. 4-2, LT-01108 Vilnius | M41: Vilnius | N41: labas@tarela.lt | P41: 37065927112 | R41: 8 | S41: 7 | T41: -0.125 | U41: 7 | V41: 0 | W41: 7 | X41: 0 | Y41: 6 | Z41: -0.14285714 | AA41: 6 | AB41: 0 | AC41: 7 | AD41: 1348 | AE41: 1361 | AF41: 0.0096439169 | AG41: 1516 | AH41: 0.11388685 | AI41: 1660 | AJ41: 0.094986807 | AK41: 1793 | AL41: 0.080120482 | AM41: 1977 | AN41: 0.10262131 | AO41: 2056,30 | AQ41: 310625 | AR41: 253884 | AS41: -0.1826672 | AT41: 351527 | AU41: 0.3845969 | AV41: 322775 | AW41: -0.081791726 | AX41: 684432 | AY41: 1.1204616 | AZ41: 316507 | BA41: -0.53756253 | BB41: -82276 | BC41: 2481 | BD41: 1.0301546 | BE41: 17604 | BF41: 6.095526 | BG41: -7985 | BH41: -1.4535901 | BI41: 59173 | BJ41: 8.4105197 | BK41: -2233 | BL41: -1.0377368 | BM41: https://tarela.lt | BN41: https://rekvizitai.vz.lt/imone/tarela/ | BO41: https://www.facebook.com/Tarela.agency/ | BP41: https://www.instagram.com/tarela.agency/ | BQ41: https://www.linkedin.com/company/tarela/ | BR41: Žemiausia | BS41: 1997-11-19
A42: Adface, UAB | B42: adface.lt | C42: 731100 | E42: Kūryba | I42: 301734377 | J42: LT100004124412 | K42: UAB "Adface" | L42: Vilties g. 2, LT-46326 Kaunas | M42: Kaunas | N42: info@adface.lt | P42: 37060781646 | R42: 4 | S42: 4 | T42: 0 | U42: 5 | V42: 0.25 | W42: 6 | X42: 0.2 | Y42: 9 | Z42: 0.5 | AA42: 9 | AB42: 0 | AC42: 7 | AD42: 1065 | AE42: 1170 | AF42: 0.098591549 | AG42: 1308 | AH42: 0.11794872 | AI42: 1500 | AJ42: 0.14678899 | AK42: 1529 | AL42: 0.019333333 | AM42: 1848 | AN42: 0.20863309 | AO42: 1928,05 | AQ42: 103616 | AR42: 110839 | AS42: 0.069709311 | AT42: 162654 | AU42: 0.46747986 | AV42: 175245 | AW42: 0.077409716 | AX42: 233594 | AY42: 0.33295672 | AZ42: 212639 | BA42: -0.089706927 | BB42: 1139 | BC42: 8918 | BD42: 6.8296752 | BE42: 37970 | BF42: 3.2576811 | BG42: 34783 | BH42: -0.083934685 | BI42: 19870 | BJ42: -0.42874393 | BK42: 4687 | BL42: -0.76411676 | BM42: https://adface.lt/ | BN42: https://rekvizitai.vz.lt/imone/adface/ | BO42: https://www.facebook.com/marketingoagenturaADFACE | BQ42: https://www.linkedin.com/company/adface-agency | BR42: Žema | BS42: 2008-05-27
A43: FAD, UAB | B43: fad.lt | C43: 731100 | D43: Reklamos agentūrų veikla | I43: 304788355 | J43: LT100012892910 | K43: MB "Reklamos ateitis" | L43: J. Žemgulio g. 46, LT-35239 Panevėžys | M43: Panevėžys | N43: tomas@fad.lt | O43: +370 636 63387 | R43: \N | S43: \N | T43: \N | U43: \N | V43: \N | W43: \N | X43: \N | Y43: \N | Z43: \N | AA43: \N | AB43: \N | AD43: \N | AE43: \N | AF43: \N | AG43: \N | AH43: \N | AI43: \N | AJ43: \N | AK43: \N | AL43: \N | AM43: \N | AN43: \N | AO43: \N | AQ43: 43550 | AR43: 41989 | AS43: -0.035843858 | AT43: 96352 | AU43: 1.2946962 | AV43: 201924 | AW43: 1.0956908 | AX43: 203378 | AY43: 0.007200729 | AZ43: 211576 | BA43: 0.040309178 | BB43: 12235 | BC43: -561 | BD43: -1.0458521 | BE43: 9803 | BF43: 18.474153 | BG43: 25138 | BH43: 1.564317 | BI43: 28667 | BJ43: 0.14038507 | BK43: 1076 | BL43: -0.96246555 | BM43: https://www.fad.lt | BN43: https://rekvizitai.vz.lt/imone/reklamos_ateitis/ | BR43: Žemiausia | BS43: 2018-03-14
A44: KOMUNIKACIJA IR KONSULTANTAI, UAB | C44: 702100 | F44: PR | I44: 124130081 | J44: LT241300811 | K44: Uždaroji akcinė bendrovė "Komunikacija ir konsultantai" | L44: Taikos g. 67-1, Vilnius | M44: Vilnius | N44: info@koko.lt | O44: +370 698 17740 | R44: 3 | S44: 3 | T44: 0 | U44: 3 | V44: 0 | W44: 3 | X44: 0 | Y44: 2 | Z44: -0.33333333 | AA44: 2 | AB44: 0 | AC44: 2 | AD44: \N | AE44: \N | AF44: \N | AG44: \N | AH44: \N | AI44: \N | AJ44: \N | AK44: \N | AL44: \N | AM44: \N | AN44: \N | AO44: \N | AQ44: 179773 | AR44: 155093 | AS44: -0.13728424 | AT44: 159105 | AU44: 0.02586835 | AV44: 167838 | AW44: 0.054888281 | AX44: 177479 | AY44: 0.057442296 | AZ44: 193289 | BA44: 0.089080962 | BB44: -8843 | BC44: 14832 | BD44: 2.6772588 | BE44: 2492 | BF44: -0.8319849 | BG44: -4052 | BH44: -2.6260032 | BI44: 6521 | BJ44: -2.6093287 | BK44: 9873 | BL44: 0.51403159 | BM44: http://www.koko.lt | BN44: https://rekvizitai.vz.lt/imone/komunikacija_ir_konsultantai/ | BO44: https://www.facebook.com/koko1997/ | BQ44: https://www.linkedin.com/company/komunikacija-ir-konsultantai/ | BR44: Žemiausia | BS44: 1997-08-06
A45: PR Ace Agency, MB | C45: 702200 | F45: PR | I45: 306725040 | J45: LT100016951819 | K45: MB PR Ace Agency | L45: Antakalnio g. 32, LT-10305 Vilnius | M45: Vilnius | N45: aiste@prace.agency | O45: +370 629 92333 | R45: \N | S45: \N | T45: \N | U45: \N | V45: \N | W45: \N | X45: \N | Y45: \N | Z45: \N | AA45: \N | AB45: \N | AD45: \N | AE45: \N | AF45: \N | AG45: \N | AH45: \N | AI45: \N | AJ45: \N | AK45: \N | AL45: \N | AM45: \N | AN45: \N | AO45: \N | AS45: \N | AU45: \N | AW45: \N | AY45: \N | AZ45: 168267 | BA45: \N | BD45: \N | BF45: \N | BH45: \N | BJ45: \N | BK45: 66604 | BL45: \N | BN45: https://rekvizitai.vz.lt/imone/pr_ace_agency/ | BR45: Žemiausia | BS45: 2024-04-15
A46: Way Makers, MB | B46: waymakers.lt | C46: 702200 | D46: Konsultacinė verslo ir kito valdymo veikla | I46: 302982411 | J46: LT100014861817 | K46: MB Way makers | L46: Laisvės al. 82, LT-44250 Kaunas | M46: Kaunas | N46: info@waymakers.lt | O46: +370 676 03353 | P46: 37067603353 | R46: \N | S46: \N | T46: \N | U46: \N | V46: \N | W46: 1 | X46: \N | Y46: 1 | Z46: 0 | AA46: 1 | AB46: 0 | AC46: 1 | AD46: \N | AE46: \N | AF46: \N | AG46: \N | AH46: \N | AI46: \N | AJ46: \N | AK46: \N | AL46: \N | AM46: \N | AN46: \N | AO46: \N | AP46: 0.76 | AS46: \N | AT46: 20541 | AU46: \N | AV46: 109420 | AW46: 4.3269072 | AX46: 87472 | AY46: -0.2005849 | AZ46: 124520 | BA46: 0.42354125 | BB46: 0 | BC46: 0 | BD46: \N | BE46: 8091 | BF46: \N | BG46: -1170 | BH46: -1.1446051 | BI46: -8800 | BJ46: -6.5213675 | BK46: 4937 | BL46: 1.5610227 | BM46: https://waymakers.lt/ | BN46: https://rekvizitai.vz.lt/imone/way_makers/ | BO46: https://www.facebook.com/waymakerslt | BQ46: https://www.linkedin.com/company/waymakersagencylt/ | BR46: Žemiausia | BS46: 2013-01-29
A47: Pick a Story, UAB | B47: pickastory.lt | C47: 731100 | D47: Reklamos agentūrų veikla | I47: 304300090 | J47: LT100010476417 | K47: MB "Videoprojektų sprendimai" | L47: Beržų al. 44, Kluonalių k., Kretingos r. | M47: Kretingos r. | N47: info@pickastory.eu | P47: 37060953631 | Q47: +370 675 15139 | R47: 1 | S47: \N | T47: -1 | U47: \N | V47: \N | W47: \N | X47: \N | Y47: \N | Z47: \N | AA47: \N | AB47: \N | AD47: \N | AE47: \N | AF47: \N | AG47: \N | AH47: \N | AI47: \N | AJ47: \N | AK47: \N | AL47: \N | AM47: \N | AN47: \N | AO47: \N | AP47: 289.06 | AQ47: 123105 | AR47: 97942 | AS47: -0.20440275 | AT47: 136496 | AU47: 0.39364113 | AV47: 200535 | AW47: 0.46916393 | AX47: 177910 | AY47: -0.1128232 | AZ47: 122111 | BA47: -0.31363611 | BB47: 38230 | BC47: -3183 | BD47: -1.0832592 | BE47: 9646 | BF47: 4.0304744 | BG47: 10605 | BH47: 0.099419448 | BI47: 42203 | BJ47: 2.979538 | BK47: -20529 | BL47: -1.4864346 | BM47: http://www.pickastory.eu | BN47: https://rekvizitai.vz.lt/imone/videoprojektu_sprendimai/ | BO47: https://www.facebook.com/pickastory.eu/ | BR47: Vidutinė | BS47: 2016-07-21
A48: Madiavo, UAB | B48: madiavo.lt | C48: 731100 | D48: Reklamos agentūrų veikla | I48: 306676401 | J48: LT100016739414 | K48: MB "P&P Holding" | L48: V. Nagevičiaus g. 3, LT-08237 Vilnius | M48: Vilnius | N48: info@madiavo.com | O48: +370 630 04564 | P48: 37063004564 | R48: \N | S48: \N | T48: \N | U48: \N | V48: \N | W48: \N | X48: \N | Y48: \N | Z48: \N | AA48: \N | AB48: \N | AD48: \N | AE48: \N | AF48: \N | AG48: \N | AH48: \N | AI48: \N | AJ48: \N | AK48: \N | AL48: \N | AM48: \N | AN48: \N | AO48: \N | AS48: \N | AU48: \N | AW48: \N | AY48: \N | AZ48: 115049 | BA48: \N | BD48: \N | BF48: \N | BH48: \N | BJ48: \N | BK48: 53588 | BL48: \N | BM48: https://madiavo.com | BN48: https://rekvizitai.vz.lt/imone/p_p_holding/ | BR48: Žema | BS48: 2024-02-06
A49: VISETAS, UAB | C49: 702200 | D49: Konsultacinė verslo ir kito valdymo veikla | I49: 300646038 | J49: LT100003832113 | K49: UAB "Visetas" | L49: Raudondvario pl. 101M, Kaunas | M49: Kaunas | N49: office@visetas.lt | P49: 37061013070 | R49: 7 | S49: 8 | T49: 0.14285714 | U49: 7 | V49: -0.125 | W49: 6 | X49: -0.14285714 | Y49: 6 | Z49: 0 | AA49: 5 | AB49: -0.16666667 | AC49: 4 | AD49: 1630 | AE49: 1620 | AF49: -0.0061349693 | AG49: 1770 | AH49: 0.092592593 | AI49: 1272 | AJ49: -0.28135593 | AK49: 939 | AL49: -0.26179245 | AM49: 116 | AN49: -0.87646432 | AO49: 73,36 | AQ49: 184041 | AR49: 185268 | AS49: 0.0066669927 | AT49: 137096 | AU49: -0.26001252 | AV49: 176468 | AW49: 0.28718562 | AX49: 145013 | AY49: -0.17824761 | AZ49: 87681 | BA49: -0.39535766 | BB49: -34145 | BC49: -45413 | BD49: -0.33000439 | BE49: -69299 | BF49: -0.52597274 | BG49: 25601 | BH49: 1.3694281 | BI49: 35044 | BJ49: 0.36885278 | BK49: 86705 | BL49: 1.4741753 | BM49: http://www.visetas.lt | BN49: https://rekvizitai.vz.lt/imone/visetas/ | BR49: Aukščiausia | BS49: 2007-02-07
A50: Ave Media, UAB | B50: avemedia.lt | C50: 731100 | D50: Reklamos agentūrų veikla | I50: 304686507 | J50: LT100014809418 | K50: "Ave Media", MB | L50: Taikos g. 95-80, LT-05200 Vilnius | M50: Vilnius | N50: info@avemedia.lt | P50: 37069483826 | R50: \N | S50: \N | T50: \N | U50: \N | V50: \N | W50: \N | X50: \N | Y50: \N | Z50: \N | AA50: \N | AB50: \N | AD50: \N | AE50: \N | AF50: \N | AG50: \N | AH50: \N | AI50: \N | AJ50: \N | AK50: \N | AL50: \N | AM50: \N | AN50: \N | AO50: \N | AP50: 144.6 | AQ50: 38589 | AR50: 23608 | AS50: -0.38821944 | AT50: 42347 | AU50: 0.79375635 | AV50: 56054 | AW50: 0.32368291 | AX50: 77893 | AY50: 0.38960645 | AZ50: 86746 | BA50: 0.11365591 | BB50: 2266 | BC50: -31 | BD50: -1.0136805 | BE50: 1180 | BF50: 39.064516 | BG50: 2003 | BH50: 0.69745763 | BI50: -812 | BJ50: -1.4053919 | BK50: 7310 | BL50: 10.002463 | BM50: http://avemedia.lt | BN50: https://rekvizitai.vz.lt/imone/ave_media/ | BO50: https://www.facebook.com/avemediaagency/ | BR50: Žema | BS50: 2017-10-04
A51: 6 Loops, UAB | B51: 6loops.lt | C51: 731100 | D51: Reklamos agentūrų veikla | I51: 304405052 | K51: MB "6 vijos" | L51: Polocko g. 51-11, LT-01205 Vilnius | M51: Vilnius | N51: info@6loops.lt | P51: 37065097123 | R51: \N | S51: \N | T51: \N | U51: \N | V51: \N | W51: \N | X51: \N | Y51: \N | Z51: \N | AA51: 1 | AB51: \N | AC51: 1 | AD51: \N | AE51: \N | AF51: \N | AG51: \N | AH51: \N | AI51: \N | AJ51: \N | AK51: \N | AL51: \N | AM51: \N | AN51: \N | AO51: \N | AQ51: 3060 | AR51: 4301 | AS51: 0.40555556 | AU51: \N | AV51: 0 | AW51: \N | AX51: 23740 | AY51: \N | AZ51: 60840 | BA51: 1.5627633 | BB51: -3087 | BC51: 1 | BD51: 1.0003239 | BE51: 0 | BF51: -1 | BG51: 0 | BH51: 0 | BI51: 18605 | BJ51: \N | BK51: 31289 | BL51: 0.68175222 | BM51: http://6loops.lt | BN51: https://rekvizitai.vz.lt/imone/6_vijos/ | BQ51: https://www.linkedin.com/company/6-loops/ | BR51: Žemiausia | BS51: 2016-09-28
A52: Enter Agency, UAB | B52: enteragency.lt | C52: 731100 | D52: Reklamos agentūrų veikla | I52: 304719793 | J52: LT100011325310 | K52: UAB Enter Agency | L52: M. Valančiaus g. 1A-13, LT-03155 Vilnius | M52: Vilnius | N52: daumantas@enteragency.lt | P52: 37068725465 | R52: 5 | S52: 5 | T52: 0 | U52: 7 | V52: 0.4 | W52: 6 | X52: -0.14285714 | Y52: 4 | Z52: -0.33333333 | AA52: 2 | AB52: -0.5 | AC52: 1 | AD52: 1415 | AE52: 1096 | AF52: -0.2254417 | AG52: 1333 | AH52: 0.21624088 | AI52: 1535 | AJ52: 0.15153788 | AK52: 1735 | AL52: 0.13029316 | AM52: \N | AN52: \N | AO52: \N | AQ52: 196226 | AR52: 99713 | AS52: -0.49184614 | AT52: 416339 | AU52: 3.1753733 | AV52: 265483 | AW52: -0.36233934 | AX52: 197038 | AY52: -0.25781312 | AZ52: 46405 | BA52: -0.76448705 | BB52: 536 | BC52: -21167 | BD52: -40.490672 | BE52: 8338 | BF52: 1.3939151 | BG52: 1474 | BH52: -0.823219 | BI52: 1478 | BJ52: 0.0027137042 | BK52: -48434 | BL52: -33.769959 | BM52: http://www.enteragency.lt | BN52: https://rekvizitai.vz.lt/imone/enter_agency/ | BR52: Aukščiausia | BS52: 2017-12-01
A53: Gideas, UAB | B53: gideas.lt | C53: 731100 | D53: Reklamos agentūrų veikla | I53: 303020484 | J53: LT100007595312 | K53: UAB "Gideas" | L53: Taikos g. 217-64, LT-05211 Vilnius | M53: Vilnius | N53: info@gideas.lt | P53: 37065514049 | R53: 1 | S53: 1 | T53: 0 | U53: 1 | V53: 0 | W53: 1 | X53: 0 | Y53: 1 | Z53: 0 | AA53: 1 | AB53: 0 | AC53: 1 | AD53: \N | AE53: \N | AF53: \N | AG53: \N | AH53: \N | AI53: \N | AJ53: \N | AK53: \N | AL53: \N | AM53: \N | AN53: \N | AO53: \N | AQ53: 22054 | AR53: 17953 | AS53: -0.18595266 | AT53: 31688 | AU53: 0.76505319 | AV53: 64112 | AW53: 1.0232265 | AX53: 50177 | AY53: -0.21735401 | AZ53: 41486 | BA53: -0.17320685 | BB53: 467 | BC53: 1177 | BD53: 1.5203426 | BE53: 1376 | BF53: 0.16907392 | BG53: 1818 | BH53: 0.32122093 | BI53: 2050 | BJ53: 0.12761276 | BK53: 436 | BL53: -0.78731707 | BM53: http://www.gideas.lt | BN53: https://rekvizitai.vz.lt/imone/gideas/ | BR53: Žema | BS53: 2013-03-15
A54: Efcom, UAB | C54: 702100 | D54: Viešųjų ryšių ir komunikacijos veikla | I54: 300132599 | J54: LT100004591818 | K54: UAB "EFCOM" | L54: Ratnyčios g. 13, Kaunas | M54: Kaunas | N54: jurga@efcom.lt | P54: 37065630386 | R54: 1 | S54: 2 | T54: 1 | U54: 1 | V54: -0.5 | W54: 1 | X54: 0 | Y54: 1 | Z54: 0 | AA54: 1 | AB54: 0 | AC54: 1 | AD54: \N | AE54: \N | AF54: \N | AG54: \N | AH54: \N | AI54: \N | AJ54: \N | AK54: \N | AL54: \N | AM54: \N | AN54: \N | AO54: \N | AQ54: 64811 | AR54: 17787 | AS54: -0.72555585 | AT54: 31519 | AU54: 0.77202451 | AV54: 36262 | AW54: 0.15048066 | AX54: 25807 | AY54: -0.28831835 | AZ54: 16127 | BA54: -0.37509203 | BB54: 5224 | BC54: -4123 | BD54: -1.789242 | BE54: 11349 | BF54: 3.7526073 | BG54: -1098 | BH54: -1.0967486 | BI54: 1644 | BJ54: 2.4972678 | BK54: -1197 | BL54: -1.7281022 | BM54: http://www.efcom.lt | BN54: https://rekvizitai.vz.lt/imone/efcom/ | BR54: Žemiausia | BS54: 2005-07-25
A55: Digitfruition, UAB | B55: digitfruition.lt | C55: 731100 | D55: Reklamos agentūrų veikla | I55: 306279691 | K55: MB Digitfruition | L55: Girulių g. 10, Vilnius | M55: Vilnius | N55: nojuslatvinskas@gmail.com | P55: 37063372962 | R55: \N | S55: \N | T55: \N | U55: \N | V55: \N | W55: \N | X55: \N | Y55: \N | Z55: \N | AA55: \N | AB55: \N | AD55: \N | AE55: \N | AF55: \N | AG55: \N | AH55: \N | AI55: \N | AJ55: \N | AK55: \N | AL55: \N | AM55: \N | AN55: \N | AO55: \N | AS55: \N | AU55: \N | AW55: \N | AX55: 9309 | AY55: \N | AZ55: 10169 | BA55: 0.092383715 | BD55: \N | BF55: \N | BH55: \N | BI55: 2289 | BJ55: \N | BK55: -14089 | BL55: -7.1550896 | BM55: https://digitfruition.com | BN55: https://rekvizitai.vz.lt/imone/digitfruition/ | BR55: Aukščiausia | BS55: 2023-03-23
A56: FCR Media Lietuva, UAB | B56: fcrmedia.lt | C56: 731100 | D56: Reklamos agentūrų veikla | I56: 111436135 | J56: LT114361314 | K56: We deliver, UAB | L56: Žalgirio g. 92-214, LT-09303 Vilnius | M56: Vilnius | N56: hi@wedeliver.lt | O56: +370 691 31328 | P56: 37061387583 | R56: 43 | S56: 34 | T56: -0.20930233 | U56: 37 | V56: 0.088235294 | W56: 40 | X56: 0.081081081 | Y56: 42 | Z56: 0.05 | AA56: 21 | AB56: -0.5 | AC56: 14 | AD56: 1821 | AE56: 1937 | AF56: 0.063701263 | AG56: 2288 | AH56: 0.18120805 | AI56: 2632 | AJ56: 0.15034965 | AK56: 2864 | AL56: 0.088145897 | AM56: 2980 | AN56: 0.040502793 | AO56: 2336,98 | AQ56: 2147000 | AR56: 1750000 | AS56: -0.18490918 | AT56: 3889000 | AU56: 1.2222857 | AV56: 5674000 | AW56: 0.45898689 | AX56: 4918000 | AY56: -0.13323934 | BA56: \N | BB56: 313000 | BC56: 249000 | BD56: -0.20447284 | BE56: 133000 | BF56: -0.46586345 | BG56: 180000 | BH56: 0.35338346 | BI56: -769000 | BJ56: -5.2722222 | BL56: \N | BM56: https://wedeliver.lt | BN56: https://rekvizitai.vz.lt/imone/verslo_media/ | BR56: Vidutinė | BS56: 1993-03-26
A57: Lion Communications Vilnius, UAB | B57: publicis.lt | C57: 731100 | D57: Media | I57: 111794310 | J57: LT117943113 | K57: UAB Lion Communications Vilnius | L57: Šermukšnių g. 6A, LT-01106 Vilnius | M57: Vilnius | N57: office@starcom.lt | O57: +370 5 2647506 | R57: 19 | S57: 19 | T57: 0 | U57: 19 | V57: 0 | W57: 23 | X57: 0.21052632 | Y57: 23 | Z57: 0 | AA57: 26 | AB57: 0.13043478 | AC57: 27 | AD57: 2594 | AE57: 3022 | AF57: 0.16499614 | AG57: 3122 | AH57: 0.033090668 | AI57: 3347 | AJ57: 0.072069186 | AK57: 3551 | AL57: 0.060950105 | AM57: 3880 | AN57: 0.092649958 | AO57: 3645,04 | AQ57: 9111300 | AR57: 7980395 | AS57: -0.12412115 | AT57: 14985680 | AU57: 0.87781181 | AV57: 11936797 | AW57: -0.2034531 | AX57: 17409970 | AY57: 0.4585127 | BA57: \N | BB57: 337370 | BC57: 347250 | BD57: 0.029285354 | BE57: 458464 | BF57: 0.3202707 | BG57: 262999 | BH57: -0.42634754 | BI57: 260117 | BJ57: -0.010958217 | BL57: \N | BM57: http://www.starcom.lt | BN57: https://rekvizitai.vz.lt/imone/star_communications_worldwide/ | BR57: Žemiausia | BS57: 2003-01-29
A58: ALL CAPS, UAB | B58: allcaps.lt | C58: 731100 | D58: Reklamos agentūrų veikla | I58: 125763054 | J58: LT257630515 | K58: ALL CAPS, UAB | L58: A. Goštauto g. 8, LT-01108 Vilnius | M58: Vilnius | N58: nerijus@allcaps.lt | O58: +370 5 2460634 | R58: 33 | S58: 32 | T58: -0.03030303 | U58: 33 | V58: 0.03125 | W58: 35 | X58: 0.060606061 | Y58: 35 | Z58: 0 | AA58: 34 | AB58: -0.028571429 | AC58: 36 | AD58: 1521 | AE58: 1588 | AF58: 0.044049967 | AG58: 1897 | AH58: 0.19458438 | AI58: 2185 | AJ58: 0.15181866 | AK58: 2334 | AL58: 0.06819222 | AM58: 2526 | AN58: 0.082262211 | AO58: 2603,10 | AQ58: 1402789 | AR58: 1237158 | AS58: -0.11807264 | AT58: 1603371 | AU58: 0.2960115 | AV58: 1860439 | AW58: 0.16032971 | AX58: 1869162 | AY58: 0.0046886783 | BA58: \N | BB58: 173870 | BC58: 152377 | BD58: -0.12361534 | BE58: 3715 | BF58: -0.97561968 | BG58: 100807 | BH58: 26.135128 | BI58: 122873 | BJ58: 0.21889353 | BL58: \N | BM58: http://www.allcaps.lt | BN58: https://rekvizitai.vz.lt/imone/all_caps/ | BR58: Žemiausia | BS58: 2001-11-05
A59: Gaumina, UAB | B59: gaumina.lt | C59: 620100 | D59: Kompiuterių programavimo veikla | I59: 224497630 | K59: Uždaroji akcinė bendrovė "GAUMINA" | L59: Gedimino pr. 27, Vilnius | M59: Vilnius | N59: info@gaumina.lt | P59: 37068516600 | R59: 2 | S59: 2 | T59: 0 | U59: 1 | V59: -0.5 | W59: 1 | X59: 0 | Y59: 1 | Z59: 0 | AA59: 1 | AB59: 0 | AC59: 1 | AD59: \N | AE59: \N | AF59: \N | AG59: \N | AH59: \N | AI59: \N | AJ59: \N | AK59: \N | AL59: \N | AM59: \N | AN59: \N | AO59: \N | AQ59: 391819 | AR59: 447495 | AS59: 0.14209622 | AT59: 378329 | AU59: -0.15456262 | AV59: 460101 | AW59: 0.21613992 | AY59: \N | BA59: \N | BB59: 4711 | BC59: -81138 | BD59: -18.223095 | BE59: 41669 | BF59: 1.5135571 | BG59: 246126 | BH59: 4.9066932 | BI59: 25837 | BJ59: -0.89502531 | BL59: \N | BM59: http://www.gaumina.lt | BN59: https://rekvizitai.vz.lt/imone/gaumina/ | BR59: Žemiausia | BS59: 1998-07-02
A60: PR Service, UAB (PIAR) | B60: prservice.lt | C60: 702100 | F60: PR | I60: 226018840 | J60: LT260188416 | K60: Uždaroji akcinė bendrovė "PIAR" | L60: Pilies g. 16, LT-01403 Vilnius | M60: Vilnius | N60: info@prservice.lt | O60: +370 686 32565 | P60: 37068632565 | R60: 10 | S60: 10 | T60: 0 | U60: 8 | V60: -0.2 | W60: 7 | X60: -0.125 | Y60: 6 | Z60: -0.14285714 | AA60: 6 | AB60: 0 | AC60: 5 | AD60: 1527 | AE60: 1636 | AF60: 0.071381794 | AG60: 1635 | AH60: -0.00061124694 | AI60: 1578 | AJ60: -0.034862385 | AK60: 2083 | AL60: 0.32002535 | AM60: 2965 | AN60: 0.42342775 | AO60: 2583,86 | AP60: 21.13 | AQ60: 387275 | AR60: 339047 | AS60: -0.12453166 | AT60: 394946 | AU60: 0.16487095 | AV60: 363458 | AW60: -0.079727355 | AX60: 698509 | AY60: 0.92184241 | BA60: \N | BB60: 7296 | BC60: 8555 | BD60: 0.17256031 | BE60: 2218 | BF60: -0.74073641 | BG60: 18163 | BH60: 7.1889089 | BI60: 20193 | BJ60: 0.11176568 | BL60: \N | BM60: http://www.prservice.lt | BN60: https://rekvizitai.vz.lt/imone/piar/ | BO60: https://www.facebook.com/uabPIAR | BQ60: https://www.linkedin.com/company/18084733/admin/dashboard/ | BR60: Žema | BS60: 2002-07-29
A61: Adverum, UAB | B61: adverum.lt | C61: 702100 | F61: PR | I61: 300003647 | J61: LT140489219 | K61: UAB ADVERUM | L61: Gedimino pr. 27, LT-01104 Vilnius | M61: Vilnius | N61: hello@adverum.lt | O61: +370 5 2336561 | P61: 37065500448 | R61: 11 | S61: 12 | T61: 0.090909091 | U61: 13 | V61: 0.083333333 | W61: 14 | X61: 0.076923077 | Y61: 13 | Z61: -0.071428571 | AA61: 12 | AB61: -0.076923077 | AC61: 13 | AD61: 1861 | AE61: 2035 | AF61: 0.093498119 | AG61: 2318 | AH61: 0.13906634 | AI61: 2323 | AJ61: 0.0021570319 | AK61: 2442 | AL61: 0.051226862 | AM61: 2597 | AN61: 0.063472563 | AO61: 2834,95 | AQ61: 667536 | AR61: 744583 | AS61: 0.11541999 | AT61: 1468239 | AU61: 0.97189434 | AV61: 1251440 | AW61: -0.1476592 | AX61: 1505000 | AY61: 0.20261459 | BA61: \N | BB61: 62597 | BC61: 46689 | BD61: -0.25413358 | BE61: 259227 | BF61: 4.5522072 | BG61: 201023 | BH61: -0.22452908 | BI61: 318511 | BJ61: 0.58445054 | BL61: \N | BM61: http://www.adverum.lt | BN61: https://rekvizitai.vz.lt/imone/ad_verum/ | BO61: https://www.facebook.com/adverum | BP61: https://www.instagram.com/adverum.lt/ | BQ61: https://www.linkedin.com/company/ad-verum | BR61: Žemiausia | BS61: 2004-02-17
A62: Milk Agency, UAB | C62: 731100 | E62: Kūryba | I62: 300634324 | J62: LT100002928011 | K62: UAB "Milk Agency" | L62: Gedimino pr. 27, LT-01104 Vilnius | M62: Vilnius | N62: cat@themilk.lt | O62: +370 5 2192000 | R62: 17 | S62: 17 | T62: 0 | U62: 19 | V62: 0.11764706 | W62: 20 | X62: 0.052631579 | Y62: 21 | Z62: 0.05 | AA62: 20 | AB62: -0.047619048 | AC62: 14 | AD62: 1294 | AE62: 1444 | AF62: 0.11591963 | AG62: 1588 | AH62: 0.099722992 | AI62: 1811 | AJ62: 0.14042821 | AK62: 1954 | AL62: 0.0789619 | AM62: 2318 | AN62: 0.18628454 | AO62: 2569,56 | AQ62: 1122291 | AR62: 1618920 | AS62: 0.44251357 | AT62: 1476904 | AU62: -0.087722679 | AV62: 2039056 | AW62: 0.38062867 | AX62: 2020450 | AY62: -0.0091248107 | BA62: \N | BB62: 17360 | BC62: 34568 | BD62: 0.99124424 | BE62: 22379 | BF62: -0.35260935 | BG62: 22439 | BH62: 0.0026810849 | BI62: 30160 | BJ62: 0.34408842 | BL62: \N | BM62: http://www.themilk.lt | BN62: https://rekvizitai.vz.lt/imone/milk_agency/ | BO62: https://www.facebook.com/milk.vilnius | BR62: Aukščiausia | BS62: 2007-01-17
A63: Evolvery, UAB | B63: evolvery.com | C63: 731100 | D63: Reklamos agentūrų veikla | I63: 302542497 | J63: LT100005657910 | K63: UAB "Evolvery" | L63: Lvivo g. 21A, LT-09309 Vilnius | M63: Vilnius | N63: hello@evolvery.io | P63: 37060999069 | R63: 29 | S63: 25 | T63: -0.13793103 | U63: 25 | V63: 0 | W63: 24 | X63: -0.04 | Y63: 19 | Z63: -0.20833333 | AA63: 19 | AB63: 0 | AC63: 22 | AD63: 1831 | AE63: 2014 | AF63: 0.099945385 | AG63: 2475 | AH63: 0.22889772 | AI63: 2602 | AJ63: 0.051313131 | AK63: 2781 | AL63: 0.068793236 | AM63: 3393 | AN63: 0.22006472 | AO63: 3050,89 | AP63: 638.97 | AQ63: 1273621 | AR63: 1227723 | AS63: -0.036037408 | AT63: 1618267 | AU63: 0.31810433 | AV63: 1266138 | AW63: -0.21759635 | AX63: 988791 | AY63: -0.21904958 | BA63: \N | BB63: 14001 | BC63: 117770 | BD63: 7.411542 | BE63: 33646 | BF63: -0.71430755 | BG63: 10305 | BH63: -0.69372288 | BI63: 74922 | BJ63: 6.2704512 | BL63: \N | BM63: https://evolvery.com | BN63: https://rekvizitai.vz.lt/imone/evolvery/ | BO63: https://www.facebook.com/social.evolvery.io/ | BQ63: https://www.linkedin.com/company/evolvery/ | BR63: Aukšta | BS63: 2010-09-03
A64: LoveMedia, UAB | B64: lovemedia.lt | C64: 731100 | D64: Media | I64: 302745177 | J64: LT100006731919 | K64: UAB Love media | L64: J. Savickio g. 4-7, LT-01108 Vilnius | M64: Vilnius | N64: armina@lovemedia.lt | P64: 37061245994 | R64: 3 | S64: 3 | T64: 0 | U64: 3 | V64: 0 | W64: 5 | X64: 0.66666667 | Y64: 6 | Z64: 0.2 | AA64: 4 | AB64: -0.33333333 | AC64: 5 | AD64: \N | AE64: \N | AF64: \N | AG64: 1105 | AH64: \N | AI64: 1306 | AJ64: 0.18190045 | AK64: 1400 | AL64: 0.071975498 | AM64: 1531 | AN64: 0.093571429 | AO64: 1389,25 | AP64: 5.61 | AQ64: 272062 | AR64: 260028 | AS64: -0.044232565 | AT64: 390004 | AU64: 0.49985386 | AV64: 435751 | AW64: 0.1172988 | AX64: 283497 | AY64: -0.34940597 | BA64: \N | BB64: -5710 | BC64: 26466 | BD64: 5.6350263 | BE64: 62568 | BF64: 1.3640898 | BG64: 56802 | BH64: -0.092155735 | BI64: -3225 | BJ64: -1.0567762 | BL64: \N | BM64: http://www.lovemedia.lt | BN64: https://rekvizitai.vz.lt/imone/uab_love_media/ | BO64: https://www.facebook.com/Love-MEDIA-renginiai-ir-komunikacija-1777461095877267/?fref=ts | BR64: Aukšta | BS64: 2012-03-15
A65: BeeMarketing, UAB | B65: beemarketing.lt | C65: 631100 | D65: Duomenų apdorojimo, interneto serverių paslaugų (prieglobos) ir susijusi veikla | I65: 303139606 | J65: LT100008006417 | K65: UAB "Bemedija" | L65: K. Baršausko g. 80-17, Kaunas | M65: Kaunas | N65: info@beemarketing.lt | O65: - | R65: 6 | S65: 3 | T65: -0.5 | U65: 1 | V65: -0.66666667 | W65: 1 | X65: 0 | Y65: 1 | Z65: 0 | AA65: 1 | AB65: 0 | AC65: 1 | AD65: 1039 | AE65: 1263 | AF65: 0.21559192 | AG65: \N | AH65: \N | AI65: \N | AJ65: \N | AK65: \N | AL65: \N | AM65: \N | AN65: \N | AO65: \N | AP65: 0.41 | AQ65: 134293 | AR65: 297045 | AS65: 1.2119172 | AT65: 924135 | AU65: 2.1110943 | AV65: 702426 | AW65: -0.23990975 | AX65: 682575 | AY65: -0.028260628 | BA65: \N | BB65: -15104 | BC65: 23971 | BD65: 2.587063 | BE65: 176024 | BF65: 6.3432064 | BG65: 75777 | BH65: -0.56950757 | BI65: 66010 | BJ65: -0.12889135 | BL65: \N | BM65: http://beemarketing.lt | BN65: https://rekvizitai.vz.lt/imone/bemedija/ | BO65: https://www.facebook.com/BeeMarketing-1479918332311500/ | BR65: Žema | BS65: 2013-09-12
A66: BPN LT, UAB | B66: bpn.lt | C66: 731100 | D66: Media | I66: 304067387 | J66: LT100009681219 | K66: UAB "BPN LT" | L66: Antano Tumėno g. 6, Vilnius | M66: Vilnius | N66: info@bpnlt.com | P66: 37063153386 | R66: 28 | S66: 27 | T66: -0.035714286 | U66: 32 | V66: 0.18518519 | W66: 37 | X66: 0.15625 | Y66: 38 | Z66: 0.027027027 | AA66: 46 | AB66: 0.21052632 | AC66: 40 | AD66: 2172 | AE66: 2392 | AF66: 0.10128913 | AG66: 2540 | AH66: 0.06187291 | AI66: 2999 | AJ66: 0.18070866 | AK66: 3216 | AL66: 0.072357452 | AM66: 3398 | AN66: 0.05659204 | AO66: 3452,05 | AQ66: 12323796 | AR66: 12436858 | AS66: 0.0091742836 | AT66: 16776261 | AU66: 0.34891473 | AV66: 21224833 | AW66: 0.26517065 | AX66: 25811839 | AY66: 0.21611506 | BA66: \N | BB66: 271504 | BC66: 250157 | BD66: -0.078624993 | BE66: 416821 | BF66: 0.6662376 | BG66: 425795 | BH66: 0.021529625 | BI66: 405824 | BJ66: -0.046902852 | BL66: \N | BM66: http://www.bpnlt.com | BN66: https://rekvizitai.vz.lt/imone/bpn_lt/ | BR66: Žemiausia | BS66: 2015-07-07
A67: Meta advisory Lithuania UAB | B67: http://www.metaadvisory.lt/ | I67: 302837871 | J67: LT100007158015
A68: VENTO NUOVO, UAB | B68: http://www.ventonuovo.lt | I68: 301793500 | J68: LT100005770914
A69: UAB Media mind | B69: http://www.omnicommediagroup.com | C69: 731100 | D69: Reklamos agentūrų veikla | I69: 111632739 | J69: LT116327314 | K69: UAB Media mind | L69: Šeimyniškių g. 3, Vilnius | M69: Vilnius | N69: ramune.malinauskiene@omnicommediagroup.com | O69: +370 5 2638671 | P69: 37070000000 | R69: 21 | S69: 16 | T69: -0.24 | U69: 13 | V69: -0.19 | W69: 16 | X69: 0.23 | Y69: 16 | Z69: 0 | AA69: 24 | AB69: 0.5 | AC69: 23 | AD69: 2789 | AE69: 2908 | AF69: 0.04 | AG69: 2982 | AH69: 0.03 | AI69: 3321 | AJ69: 0.11 | AK69: 3469 | AL69: 0.04 | AM69: 3549 | AN69: 0.02 | AO69: 5094 | AQ69: 7485095 | AR69: 6600159 | AS69: -0.12 | AT69: 8885368 | AU69: 0.35 | AV69: 7425733 | AW69: -0.16 | AX69: 7342686 | AY69: -0.01 | AZ69: 7514559 | BA69: 0.02 | BB69: 5460 | BC69: 113995 | BD69: 19.88 | BE69: 358969 | BF69: 2.15 | BG69: 253547 | BH69: -0.29 | BI69: 96617 | BJ69: -0.62 | BK69: 72943 | BL69: -0.25 | BM69: http://www.omnicommediagroup.com | BN69: https://rekvizitai.vz.lt/imone/omnicom_media_group/ | BR69: Žemiausia | BS69: Teisinis statusas neįregistruotas
A70: UAB "Galley Group" | B70: http://www.galley.lt | C70: 731100 | D70: Reklamos agentūrų veikla | I70: 126286061 | J70: LT262860610 | K70: UAB "Galley Group" | L70: Gerosios Vilties g. 22A-2, LT-03145 Vilnius | M70: Vilnius | N70: info@galley.lt | O70: +370 5 2620472 | P70: 37069000000 | R70: 21 | S70: 18 | T70: -0.14 | U70: 15 | V70: -0.17 | W70: 14 | X70: -0.07 | Y70: 13 | Z70: -0.07 | AA70: 11 | AB70: -0.15 | AC70: 11 | AD70: 805 | AE70: 672 | AF70: -0.17 | AG70: 706 | AH70: 0.05 | AI70: 702 | AJ70: -0.01 | AK70: 951 | AL70: 0.35 | AM70: 1136 | AN70: 0.19 | AO70: 1177 | AQ70: 1425182 | AR70: 629069 | AS70: -0.56 | AT70: 621316 | AU70: -0.01 | AV70: 790127 | AW70: 0.27 | AX70: 1357188 | AY70: 0.72 | AZ70: 1984708 | BA70: 0.46 | BB70: 749 | BC70: 73 | BD70: -0.9 | BE70: 51 | BF70: -0.3 | BG70: 1370 | BH70: 25.86 | BI70: 18707 | BJ70: 12.65 | BK70: 93394 | BL70: 3.99 | BM70: http://www.galley.lt | BN70: https://rekvizitai.vz.lt/imone/galley_group_reklamos_agentura_uab_galegrus/ | BO70: https://facebook.com/GalleyGroupLietuva/ | BP70: https://instagram.com/galleygroup_vilnius | BQ70: https://www.linkedin.com/in/galley-group-9b3211153/ | BR70: Žema | BS70: Teisinis statusas neįregistruotas
A71: UAB "Ciklopas" | B71: http://www.ciklopas.com | C71: 731100 | D71: Reklamos agentūrų veikla | I71: 300013463 | J71: LT100000949316 | K71: UAB "Ciklopas" | L71: Dariaus ir Girėno g. 42-201, LT-02189 Vilnius | M71: Vilnius | N71: info@ciklopas.com | P71: 37069000000 | R71: 6 | S71: 6 | T71: 0 | U71: 7 | V71: 0.17 | W71: 7 | X71: 0 | Y71: 7 | Z71: 0 | AA71: 7 | AB71: 0 | AC71: 9 | AD71: 1347 | AE71: 1849 | AF71: 0.37 | AG71: 1704 | AH71: -0.08 | AI71: 1886 | AJ71: 0.11 | AK71: 2051 | AL71: 0.09 | AM71: 2167 | AN71: 0.06 | AO71: 2561 | AQ71: 919681 | AR71: 957226 | AS71: 0.04 | AT71: 1539976 | AU71: 0.61 | AV71: 1186957 | AW71: -0.23 | AX71: 1069493 | AY71: -0.1 | AZ71: 848557 | BA71: -0.21 | BB71: 34825 | BC71: 37773 | BD71: 0.08 | BE71: 46408 | BF71: 0.23 | BG71: 48406 | BH71: 0.04 | BI71: 60954 | BJ71: 0.26 | BK71: 40206 | BL71: -0.34 | BM71: http://www.ciklopas.com | BN71: https://rekvizitai.vz.lt/imone/uab_ciklopas_fotografijos_studija/ | BR71: Žemiausia | BS71: Teisinis statusas neįregistruotas
A72: UAB "Berta And" | B72: http://www.berta.lt | C72: 702100 | D72: Viešųjų ryšių ir komunikacijos veikla | I72: 300613091 | J72: LT100002986019 | K72: UAB "Berta And" | L72: Traidenio g. 6-1, LT-08119 Vilnius | M72: Vilnius | N72: hello@berta.lt | O72: +370 5 2154964 | R72: 33 | S72: 21 | T72: -0.36 | U72: 22 | V72: 0.05 | W72: 23 | X72: 0.05 | Y72: 18 | Z72: -0.22 | AA72: 19 | AB72: 0.06 | AC72: 15 | AD72: 1914 | AE72: 2264 | AF72: 0.18 | AG72: 2355 | AH72: 0.04 | AI72: 2689 | AJ72: 0.14 | AK72: 2843 | AL72: 0.06 | AM72: 2886 | AN72: 0.02 | AO72: 2732 | AQ72: 3084434 | AR72: 1249050 | AS72: -0.6 | AT72: 1374583 | AU72: 0.1 | AV72: 1467780 | AW72: 0.07 | AX72: 1658335 | AY72: 0.13 | AZ72: 1526769 | BA72: -0.08 | BB72: 49896 | BC72: -69262 | BD72: -2.39 | BE72: 3424 | BF72: 1.05 | BG72: 423 | BH72: -0.88 | BI72: 1489 | BJ72: 2.52 | BK72: -47780 | BL72: -33.09 | BM72: http://www.berta.lt | BN72: https://rekvizitai.vz.lt/imone/berta_and/ | BO72: https://www.facebook.com/bertaandagency | BP72: https://www.instagram.com/berta_and_agency/ | BQ72: https://www.linkedin.com/company/berta-and-agency | BR72: Žemiausia | BS72: Teisinis statusas neįregistruotas
A73: UAB "Verslo idėjų partneriai" | B73: https://www.vipartneriai.lt | C73: 731100 | D73: Reklamos agentūrų veikla | I73: 300940673 | J73: LT100003360113 | K73: UAB "Verslo idėjų partneriai" | L73: Keramikų g. 100-19, Vilnius | M73: Vilnius | N73: info@vipartneriai.lt | O73: +370 5 2053225 | Q73: 37070000000 | R73: 15 | S73: 15 | T73: 0 | U73: 15 | V73: 0 | W73: 15 | X73: 0 | Y73: 15 | Z73: 0 | AA73: 14 | AB73: -0.07 | AC73: 11 | AD73: 1899 | AE73: 2244 | AF73: 0.18 | AG73: 2645 | AH73: 0.18 | AI73: 2804 | AJ73: 0.06 | AK73: 3033 | AL73: 0.08 | AM73: 3354 | AN73: 0.11 | AO73: 3734 | AQ73: 1390424 | AR73: 1685954 | AS73: 0.21 | AT73: 1951484 | AU73: 0.16 | AV73: 2060853 | AW73: 0.06 | AX73: 2135316 | AY73: 0.04 | AZ73: 2179847 | BA73: 0.02 | BB73: 79579 | BC73: 58669 | BD73: -0.26 | BE73: 64808 | BF73: 0.1 | BG73: 63883 | BH73: -0.01 | BI73: 132927 | BJ73: 1.08 | BK73: 42493 | BL73: -0.68 | BM73: https://www.vipartneriai.lt | BN73: https://rekvizitai.vz.lt/imone/verslo_ideju_partneriai/ | BO73: https://www.facebook.com/vipartneriai/ | BR73: Žemiausia | BS73: Teisinis statusas neįregistruotas
A74: UAB "Kubrik" | B74: http://kubrik.lt | C74: 731100 | D74: Reklamos agentūrų veikla | I74: 301542341 | J74: LT100003856510 | K74: UAB "Kubrik" | L74: T. Kosciuškos g. 24-19, Vilnius | M74: Vilnius | N74: kuku@kubrik.lt | Q74: 37062000000 | R74: 7 | S74: 3 | T74: -0.57 | U74: 4 | V74: 0.33 | W74: 5 | X74: 0.25 | Y74: 5 | Z74: 0 | AA74: 5 | AB74: 0 | AC74: 4 | AD74: 2072 | AE74: \N | AF74: \N | AG74: 2520 | AH74: \N | AI74: 2431 | AJ74: -0.04 | AK74: 2207 | AL74: -0.09 | AM74: 2277 | AN74: 0.03 | AO74: 4566 | AQ74: 320551 | AR74: 379917 | AS74: 0.19 | AT74: 299630 | AU74: -0.21 | AV74: 276081 | AW74: -0.08 | AX74: 294768 | AY74: 0.07 | AZ74: 299800 | BA74: 0.02 | BB74: -47904 | BC74: 31094 | BD74: 1.65 | BE74: 15117 | BF74: -0.51 | BG74: -8884 | BH74: -1.59 | BI74: 30860 | BJ74: 4.47 | BK74: 12287 | BL74: -0.6 | BM74: http://kubrik.lt | BN74: https://rekvizitai.vz.lt/imone/uab_kubrik/ | BR74: Žemiausia | BS74: Teisinis statusas neįregistruotas
A75: UAB "DANSU" | B75: http://www.dansu.eu | C75: 731100 | D75: Reklamos agentūrų veikla | I75: 301732159 | J75: LT100004079413 | K75: UAB "DANSU" | L75: Kreivasis skg. 4-11, LT-01205 Vilnius | M75: Vilnius | N75: ilona@dansu.eu | P75: 37070000000 | R75: 6 | S75: 5 | T75: -0.17 | U75: 5 | V75: 0 | W75: 5 | X75: 0 | Y75: 5 | Z75: 0 | AA75: 5 | AB75: 0 | AC75: 5 | AD75: 1883 | AE75: 1962 | AF75: 0.04 | AG75: 1999 | AH75: 0.02 | AI75: 2050 | AJ75: 0.03 | AK75: 2129 | AL75: 0.04 | AM75: 2183 | AN75: 0.03 | AO75: 2462 | AQ75: 4843320 | AR75: 4939175 | AS75: 0.02 | AT75: 4099596 | AU75: -0.17 | AV75: 3344864 | AW75: -0.18 | AX75: 1037356 | AY75: -0.69 | AZ75: 6566337 | BA75: 5.33 | BB75: 451672 | BC75: 212424 | BD75: -0.53 | BE75: 179729 | BF75: -0.15 | BG75: 45750 | BH75: -0.75 | BI75: -167494 | BJ75: -4.66 | BK75: 364854 | BL75: 3.18 | BM75: http://www.dansu.eu | BN75: https://rekvizitai.vz.lt/imone/uab_dansu/ | BR75: Žemiausia | BS75: Teisinis statusas neįregistruotas
A76: UAB "Idee fixe Vilnius" | B76: http://www.ideefixe.lt | C76: 591100 | D76: Kino filmų, vaizdo filmų ir televizijos programų gamyba | I76: 301899560 | J76: LT100004348513 | K76: UAB "Idee fixe Vilnius" | L76: T. Ševčenkos g. 16A, LT-03111 Vilnius | M76: Vilnius | O76: +370 5 2333336 | R76: 3 | S76: 4 | T76: 0.33 | U76: 4 | V76: 0 | W76: 4 | X76: 0 | Y76: 3 | Z76: -0.25 | AA76: 3 | AB76: 0 | AC76: 3 | AD76: 1375 | AE76: 1387 | AF76: 0.01 | AG76: 1522 | AH76: 0.1 | AI76: 1877 | AJ76: 0.23 | AK76: 1842 | AL76: -0.02 | AM76: \N | AN76: \N | AO76: \N | AQ76: 1039900 | AR76: 1298211 | AS76: 0.25 | AT76: 1406758 | AU76: 0.08 | AV76: 1174594 | AW76: -0.17 | AX76: 1321169 | AY76: 0.12 | AZ76: 786302 | BA76: -0.4 | BB76: 32219 | BC76: 98452 | BD76: 2.06 | BE76: 176626 | BF76: 0.79 | BG76: 2190 | BH76: -0.99 | BI76: 105851 | BJ76: 47.33 | BK76: 37146 | BL76: -0.65 | BM76: http://www.ideefixe.lt | BN76: https://rekvizitai.vz.lt/imone/uab_idee_fixe_vilnius/ | BR76: Žemiausia | BS76: Teisinis statusas neįregistruotas
A77: UAB "Tekvila" | B77: http://www.eventumgroup.lt | C77: 900200 | D77: Scenos pastatymams būdingų paslaugų veikla | I77: 302248937 | J77: LT100004420610 | K77: UAB "Tekvila" | L77: Pranciškonų g. 1-213, LT-01133 Vilnius | M77: Vilnius | N77: info@eventumgroup.lt | P77: 37061000000 | R77: 5 | S77: 4 | T77: -0.2 | U77: 3 | V77: -0.25 | W77: 5 | X77: 0.67 | Y77: 4 | Z77: -0.2 | AA77: 3 | AB77: -0.25 | AC77: 4 | AD77: 1330 | AE77: 991 | AF77: -0.25 | AG77: \N | AH77: \N | AI77: 2720 | AJ77: \N | AK77: 3087 | AL77: 0.13 | AM77: 3618 | AN77: 0.17 | AO77: 3590 | AQ77: 821314 | AR77: 376895 | AS77: -0.54 | AT77: 930793 | AU77: 1.47 | AV77: 1249429 | AW77: 0.34 | AX77: 1249338 | AY77: 0 | AZ77: 1063817 | BA77: -0.15 | BB77: 4692 | BC77: 16090 | BD77: 2.43 | BE77: 92764 | BF77: 4.77 | BG77: 32892 | BH77: -0.65 | BI77: 42400 | BJ77: 0.29 | BK77: 28207 | BL77: -0.33 | BM77: http://www.eventumgroup.lt | BN77: https://rekvizitai.vz.lt/imone/tekvila/ | BO77: https://www.facebook.com/Eventumgroup/ | BQ77: https://www.linkedin.com/company/eventumgroup/ | BR77: Žemiausia | BS77: Teisinis statusas neįregistruotas
A78: Good one, UAB | B78: http://www.goodone.lt | C78: 731100 | D78: Reklamos agentūrų veikla | I78: 302417999 | J78: LT100004858714 | K78: Good one, UAB | L78: Jogailos g. 4, LT-01116 Vilnius | M78: Vilnius | N78: rokas.b@goodone.lt | P78: 37066000000 | R78: 24 | S78: 27 | T78: 0.13 | U78: 32 | V78: 0.19 | W78: 33 | X78: 0.03 | Y78: 32 | Z78: -0.03 | AA78: 31 | AB78: -0.03 | AC78: 29 | AD78: 2049 | AE78: 2167 | AF78: 0.06 | AG78: 2575 | AH78: 0.19 | AI78: 2851 | AJ78: 0.11 | AK78: 3081 | AL78: 0.08 | AM78: 3243 | AN78: 0.05 | AO78: 3467 | AQ78: 5847369 | AR78: 6041502 | AS78: 0.03 | AT78: 10390945 | AU78: 0.72 | AV78: 9116200 | AW78: -0.12 | AX78: 9198605 | AY78: 0.01 | AZ78: 10097522 | BA78: 0.1 | BB78: 387671 | BC78: 251222 | BD78: -0.35 | BE78: 469190 | BF78: 0.87 | BG78: 306081 | BH78: -0.35 | BI78: 244322 | BJ78: -0.2 | BK78: 244402 | BL78: 0 | BM78: http://www.goodone.lt | BN78: https://rekvizitai.vz.lt/imone/good_one_uab/ | BR78: Žemiausia | BS78: Teisinis statusas neįregistruotas
A79: UAB "BOSANOVA" | B79: http://bosanova.lt | C79: 702100 | D79: Viešųjų ryšių ir komunikacijos veikla | I79: 302448012 | J79: LT100005009115 | K79: UAB "BOSANOVA" | L79: Raugyklos g. 3-10, LT-01140 Vilnius | M79: Vilnius | N79: info@bosanova.lt | P79: 37066000000 | R79: 7 | S79: 6 | T79: -0.14 | U79: 8 | V79: 0.33 | W79: 9 | X79: 0.13 | Y79: 11 | Z79: 0.22 | AA79: 11 | AB79: 0 | AC79: 11 | AD79: 1744 | AE79: 1741 | AF79: 0 | AG79: 2459 | AH79: 0.41 | AI79: 2996 | AJ79: 0.22 | AK79: 3036 | AL79: 0.01 | AM79: 3512 | AN79: 0.16 | AO79: 3778 | AQ79: 231606 | AR79: 429939 | AS79: 0.86 | AT79: 620813 | AU79: 0.44 | AV79: 922751 | AW79: 0.49 | AX79: 1018276 | AY79: 0.1 | AZ79: 1566507 | BA79: 0.54 | BB79: -57134 | BC79: 104436 | BD79: 2.83 | BE79: 97262 | BF79: -0.07 | BG79: -22601 | BH79: -1.23 | BI79: 63393 | BJ79: 3.8 | BK79: 103845 | BL79: 0.64 | BM79: http://bosanova.lt | BN79: https://rekvizitai.vz.lt/imone/uab_bosanova/ | BO79: https://www.facebook.com/komunikacijos.agentura.bosanova | BR79: Žemiausia | BS79: Teisinis statusas neįregistruotas
A80: UAB "EVO MEDIA" | B80: https://www.evomedia.lt | C80: 620100 | D80: Kompiuterių programavimo veikla | I80: 302478991 | J80: LT100005184018 | K80: UAB "EVO MEDIA" | L80: Verkių g. 34A, LT-08221 Vilnius | M80: Vilnius | N80: info@evomedia.lt | P80: 37068000000 | R80: 6 | S80: 6 | T80: 0 | U80: 8 | V80: 0.33 | W80: 9 | X80: 0.13 | Y80: 10 | Z80: 0.11 | AA80: 11 | AB80: 0.1 | AC80: 15 | AD80: 1432 | AE80: 1559 | AF80: 0.09 | AG80: 1534 | AH80: -0.02 | AI80: 1663 | AJ80: 0.08 | AK80: 2037 | AL80: 0.22 | AM80: 2380 | AN80: 0.17 | AO80: 2725 | AQ80: 235559 | AR80: 338165 | AS80: 0.44 | AT80: 382359 | AU80: 0.13 | AV80: 342212 | AW80: -0.1 | AX80: 634289 | AY80: 0.85 | AZ80: 712632 | BA80: 0.12 | BB80: 731 | BC80: 43465 | BD80: 58.46 | BE80: 29979 | BF80: -0.31 | BG80: 777 | BH80: -0.97 | BI80: 52882 | BJ80: 67.06 | BK80: 139519 | BL80: 1.64 | BM80: https://www.evomedia.lt | BN80: https://rekvizitai.vz.lt/imone/uab_evo_media/ | BR80: Žemiausia | BS80: Teisinis statusas neįregistruotas
A81: UAB "MARKET RATS" | B81: https://www.marketrats.lt/ | C81: 620100 | D81: Kompiuterių programavimo veikla | I81: 302561024 | J81: LT100006941010 | K81: UAB "MARKET RATS" | L81: Pamėnkalnio g. 17, LT-01114 Vilnius | M81: Vilnius | N81: info@marketrats.lt | O81: 37064630700 | R81: 11 | S81: 11 | T81: 0 | U81: 14 | V81: 0.27 | W81: 15 | X81: 0.07 | Y81: 13 | Z81: -0.13 | AA81: 15 | AB81: 0.15 | AC81: 16 | AD81: 1664 | AE81: 2204 | AF81: 0.32 | AG81: 2844 | AH81: 0.29 | AI81: 3598 | AJ81: 0.27 | AK81: 4242 | AL81: 0.18 | AM81: 3978 | AN81: -0.06 | AO81: 4094 | AQ81: 463182 | AR81: 638187 | AS81: 0.38 | AT81: 989434 | AU81: 0.55 | AV81: 1378217 | AW81: 0.39 | AX81: 1656998 | AY81: 0.2 | AZ81: 1427828 | BA81: -0.14 | BB81: 57772 | BC81: 71055 | BD81: 0.23 | BE81: 86318 | BF81: 0.21 | BG81: 152887 | BH81: 0.77 | BI81: 183233 | BJ81: 0.2 | BK81: 125310 | BL81: -0.32 | BM81: https://www.marketrats.lt/ | BN81: https://rekvizitai.vz.lt/imone/market_rats/ | BO81: https://www.facebook.com/MarketRats | BP81: https://www.instagram.com/market_rats | BQ81: https://linkedin.com/company/market-rats | BR81: Žemiausia | BS81: Teisinis statusas neįregistruotas
A82: UAB "INDIANA.LT" | B82: http://www.indiana.lt | C82: 731100 | D82: Reklamos agentūrų veikla | I82: 302641591 | J82: LT100006268310 | K82: UAB "INDIANA.LT" | L82: M. Valančiaus g. 7, LT-03158 Vilnius | M82: Vilnius | N82: contact@indiana.lt | P82: 37061000000 | R82: 17 | S82: 16 | T82: -0.06 | U82: 14 | V82: -0.13 | W82: 14 | X82: 0 | Y82: 15 | Z82: 0.07 | AA82: 14 | AB82: -0.07 | AC82: 14 | AD82: 1365 | AE82: 1086 | AF82: -0.2 | AG82: 1485 | AH82: 0.37 | AI82: 2179 | AJ82: 0.47 | AK82: 2456 | AL82: 0.13 | AM82: 2899 | AN82: 0.18 | AO82: 3245 | AQ82: 2483374 | AR82: 2102463 | AS82: -0.15 | AT82: 2392327 | AU82: 0.14 | AV82: 3769383 | AW82: 0.58 | AX82: 3334151 | AY82: -0.12 | AZ82: 3604605 | BA82: 0.08 | BB82: 103011 | BC82: 128173 | BD82: 0.24 | BE82: 193375 | BF82: 0.51 | BG82: 276915 | BH82: 0.43 | BI82: 108369 | BJ82: -0.61 | BK82: 137745 | BL82: 0.27 | BM82: http://www.indiana.lt | BN82: https://rekvizitai.vz.lt/imone/indiana_lt/ | BR82: Žema | BS82: Teisinis statusas neįregistruotas
A83: Dear problem, UAB | B83: http://www.dearproblem.co | C83: 731100 | D83: Reklamos agentūrų veikla | I83: 302651984 | J83: LT100006282619 | K83: Dear problem, UAB | L83: Manufaktūrų g. 6, LT-11342 Vilnius | M83: Vilnius | N83: agency@dearproblem.co | P83: 37065000000 | R83: 8 | S83: 10 | T83: 0.25 | U83: 10 | V83: 0 | W83: 10 | X83: 0 | Y83: 9 | Z83: -0.1 | AA83: 9 | AB83: 0 | AC83: 8 | AD83: 1232 | AE83: 1483 | AF83: 0.2 | AG83: 1725 | AH83: 0.16 | AI83: 1968 | AJ83: 0.14 | AK83: 2187 | AL83: 0.11 | AM83: 2149 | AN83: -0.02 | AO83: 2192 | AQ83: 289074 | AR83: 326922 | AS83: 0.13 | AT83: 422449 | AU83: 0.29 | AV83: 569288 | AW83: 0.35 | AX83: 546169 | AY83: -0.04 | AZ83: 532524 | BA83: -0.02 | BB83: 48872 | BC83: 50256 | BD83: 0.03 | BE83: 66118 | BF83: 0.32 | BG83: 4081 | BH83: -0.94 | BI83: 30482 | BJ83: 6.47 | BK83: 19852 | BL83: -0.35 | BM83: http://www.dearproblem.co | BN83: https://rekvizitai.vz.lt/imone/dear_problem/ | BO83: https://www.facebook.com/dear.problem.co | BP83: https://www.instagram.com/dear.problem.co | BQ83: https://www.linkedin.com/company/dear-problem | BR83: Žemiausia | BS83: Teisinis statusas neįregistruotas
A84: UAB "TOTEM promo" | B84: http://www.totem.lt | C84: 731100 | D84: Reklamos agentūrų veikla | I84: 302652310 | J84: LT100006306317 | K84: UAB "TOTEM promo" | L84: Subačiaus g. 23-6, Vilnius | M84: Vilnius | N84: laurynas@totem.lt | O84: +370 5 2608737 | R84: 12 | S84: 12 | T84: 0 | U84: 11 | V84: -0.08 | W84: 11 | X84: 0 | Y84: 12 | Z84: 0.09 | AA84: 13 | AB84: 0.08 | AC84: 16 | AD84: 1176 | AE84: 1278 | AF84: 0.09 | AG84: 1653 | AH84: 0.29 | AI84: 1709 | AJ84: 0.03 | AK84: 1889 | AL84: 0.11 | AM84: 2139 | AN84: 0.13 | AO84: 2212 | AQ84: 829120 | AR84: 824661 | AS84: -0.01 | AT84: 917347 | AU84: 0.11 | AV84: 1167788 | AW84: 0.27 | AX84: 1503595 | AY84: 0.29 | AZ84: 1851227 | BA84: 0.23 | BB84: 934 | BC84: 77167 | BD84: 81.62 | BE84: 103099 | BF84: 0.34 | BG84: 120018 | BH84: 0.16 | BI84: 106616 | BJ84: -0.11 | BK84: 120628 | BL84: 0.13 | BM84: http://www.totem.lt | BN84: https://rekvizitai.vz.lt/imone/totem_promo/ | BO84: https://www.facebook.com/T0TEMagency/ | BP84: https://www.instagram.com/totem.agency/ | BQ84: https://www.linkedin.com/company/totem-promo | BR84: Žemiausia | BS84: Teisinis statusas neįregistruotas
A85: UAB "Digital matter" | B85: https://digitalmatter.ai | C85: 731100 | D85: Reklamos agentūrų veikla | I85: 302653711 | J85: LT100006306115 | K85: UAB "Digital matter" | L85: Ukmergės g. 126, LT-08100 Vilnius | M85: Vilnius | N85: info@digitalmatter.ai | P85: 37062000000 | R85: 14 | S85: 14 | T85: 0 | U85: 15 | V85: 0.07 | W85: 21 | X85: 0.4 | Y85: 25 | Z85: 0.19 | AA85: 23 | AB85: -0.08 | AC85: 21 | AD85: 1748 | AE85: 2064 | AF85: 0.18 | AG85: 2302 | AH85: 0.12 | AI85: 2523 | AJ85: 0.1 | AK85: 2684 | AL85: 0.06 | AM85: 3002 | AN85: 0.12 | AO85: 3300 | AQ85: 4126272 | AR85: 4392485 | AS85: 0.06 | AT85: 4915295 | AU85: 0.12 | AV85: 7618331 | AW85: 0.55 | AX85: 5004244 | AY85: -0.34 | AZ85: 3893452 | BA85: -0.22 | BB85: 227290 | BC85: 139097 | BD85: -0.39 | BE85: 173096 | BF85: 0.24 | BG85: 257944 | BH85: 0.49 | BI85: 73670 | BJ85: -0.71 | BK85: -215562 | BL85: -3.93 | BM85: https://digitalmatter.ai | BN85: https://rekvizitai.vz.lt/imone/digital_matter/ | BO85: https://www.facebook.com/DigitalMatterGlobal | BP85: https://www.instagram.com/digital_matter/ | BQ85: https://www.linkedin.com/company/digitalmatterai/ | BR85: Aukšta | BS85: Teisinis statusas neįregistruotas
A86: UAB "EnterNet" | B86: https://enternet.lt | C86: 620100 | D86: Kompiuterių programavimo veikla | I86: 302686095 | J86: LT100006501510 | K86: UAB "EnterNet" | L86: Geležinio Vilko g. 18a, LT-08104 Vilnius | M86: Vilnius | N86: enternet@enternet.lt | P86: 37069000000 | R86: 16 | S86: 18 | T86: 0.13 | U86: 20 | V86: 0.11 | W86: 19 | X86: -0.05 | Y86: 20 | Z86: 0.05 | AA86: 20 | AB86: 0 | AC86: 21 | AD86: 2280 | AE86: 2496 | AF86: 0.09 | AG86: 2709 | AH86: 0.09 | AI86: 2958 | AJ86: 0.09 | AK86: 3278 | AL86: 0.11 | AM86: 3596 | AN86: 0.1 | AO86: 3733 | AQ86: 531305 | AR86: 647894 | AS86: 0.22 | AT86: 784600 | AU86: 0.21 | AV86: 831603 | AW86: 0.06 | AX86: 971641 | AY86: 0.17 | AZ86: 1100235 | BA86: 0.13 | BB86: 23883 | BC86: 10392 | BD86: -0.56 | BE86: 9400 | BF86: -0.1 | BG86: 5052 | BH86: -0.46 | BI86: 7010 | BJ86: 0.39 | BK86: 7093 | BL86: 0.01 | BM86: https://enternet.lt | BN86: https://rekvizitai.vz.lt/imone/uab_enternet/ | BR86: Žemiausia | BS86: Teisinis statusas neįregistruotas
A87: UAB "SOME FILMS" | B87: http://www.somefilms.net | C87: 591100 | D87: Kino filmų, vaizdo filmų ir televizijos programų gamyba | I87: 302735546 | J87: LT100006731616 | K87: UAB "SOME FILMS" | L87: Gedimino pr. 32-7, LT-01104 Vilnius | M87: Vilnius | N87: olganija@gmail.com | P87: 37061000000 | R87: 3 | S87: 3 | T87: 0 | U87: 4 | V87: 0.33 | W87: 4 | X87: 0 | Y87: 3 | Z87: -0.25 | AA87: 3 | AB87: 0 | AC87: 4 | AD87: \N | AE87: 464 | AF87: \N | AG87: 443 | AH87: -0.05 | AI87: 727 | AJ87: 0.64 | AK87: 824 | AL87: 0.13 | AM87: \N | AN87: \N | AO87: 1055 | AQ87: 1507524 | AR87: 1539395 | AS87: 0.02 | AT87: 1457975 | AU87: -0.05 | AV87: 1560444 | AW87: 0.07 | AX87: 1741263 | AY87: 0.12 | AZ87: \N | BA87: \N | BB87: 112348 | BC87: 109993 | BD87: -0.02 | BE87: 72955 | BF87: -0.34 | BG87: 62888 | BH87: -0.14 | BI87: 53987 | BJ87: -0.14 | BK87: \N | BL87: \N | BM87: http://www.somefilms.net | BN87: https://rekvizitai.vz.lt/imone/some_films/ | BR87: Aukščiausia | BS87: Teisinis statusas neįregistruotas
A88: UAB "Seovoras" | B88: http://www.seospiders.lt | C88: 731100 | D88: Reklamos agentūrų veikla | I88: 302928919 | J88: LT100009563315 | K88: UAB "Seovoras" | L88: Kovo 11-osios g. 28-23, Kaunas | M88: Kaunas | N88: info@seospiders.lt | P88: 37060000000 | R88: 6 | S88: 5 | T88: -0.17 | U88: 7 | V88: 0.4 | W88: 9 | X88: 0.29 | Y88: 9 | Z88: 0 | AA88: 9 | AB88: 0 | AC88: 11 | AD88: 1122 | AE88: 1681 | AF88: 0.5 | AG88: 1944 | AH88: 0.16 | AI88: 2381 | AJ88: 0.22 | AK88: 2815 | AL88: 0.18 | AM88: 3161 | AN88: 0.12 | AO88: 2836 | AQ88: 180509 | AR88: 246330 | AS88: 0.36 | AT88: 377769 | AU88: 0.53 | AV88: 628198 | AW88: 0.66 | AX88: 645494 | AY88: 0.03 | AZ88: 770285 | BA88: 0.19 | BB88: 14970 | BC88: 36249 | BD88: 1.42 | BE88: 44305 | BF88: 0.22 | BG88: 85709 | BH88: 0.93 | BI88: 61795 | BJ88: -0.28 | BK88: 86675 | BL88: 0.4 | BM88: http://www.seospiders.lt | BN88: https://rekvizitai.vz.lt/imone/verslo_vystymas/ | BR88: Žemiausia | BS88: Teisinis statusas neįregistruotas
A89: UAB "Spotlight LT" | B89: http://www.inspotlight.lt | C89: 900200 | D89: Scenos pastatymams būdingų paslaugų veikla | I89: 302930418 | J89: LT100007333118 | K89: UAB "Spotlight LT" | L89: Vandenio g. 18B, Vilnius | M89: Vilnius | N89: hello@inspotlight.lt | O89: +370 5 2199953 | R89: 4 | S89: 4 | T89: 0 | U89: 3 | V89: -0.25 | W89: 4 | X89: 0.33 | Y89: 4 | Z89: 0 | AA89: 4 | AB89: 0 | AC89: 4 | AD89: 1062 | AE89: 1060 | AF89: 0 | AG89: 1055 | AH89: 0 | AI89: 1559 | AJ89: 0.48 | AK89: 1982 | AL89: 0.27 | AM89: 2195 | AN89: 0.11 | AO89: 2386 | AQ89: 653976 | AR89: 196389 | AS89: -0.7 | AT89: 399946 | AU89: 1.04 | AV89: 928031 | AW89: 1.32 | AX89: 1228001 | AY89: 0.32 | AZ89: 1064448 | BA89: -0.13 | BB89: 60565 | BC89: -2971 | BD89: -1.05 | BE89: 19717 | BF89: 7.64 | BG89: 155375 | BH89: 6.88 | BI89: 156397 | BJ89: 0.01 | BK89: 83018 | BL89: -0.47 | BM89: http://www.inspotlight.lt | BN89: https://rekvizitai.vz.lt/imone/spotlight_lt/ | BO89: https://www.facebook.com/inSpotlightLT | BR89: Žemiausia | BS89: Teisinis statusas neįregistruotas
A90: MB "Fotokomanda" | B90: http://www.foko.lt | C90: 742000 | D90: Fotografavimo veikla | I90: 302932718 | J90: LT100007365812 | K90: MB "Fotokomanda" | L90: Vytenio g. 50-81, Vilnius | M90: Vilnius | N90: info@foko.lt | P90: 37068000000 | R90: \N | S90: \N | T90: \N | U90: \N | V90: \N | W90: 1 | X90: \N | Y90: 2 | Z90: 1 | AA90: 3 | AB90: 0.5 | AC90: 3 | AD90: \N | AE90: \N | AF90: \N | AG90: \N | AH90: \N | AI90: \N | AJ90: \N | AK90: \N | AL90: \N | AM90: \N | AN90: \N | AO90: \N | AQ90: 213414 | AR90: 153278 | AS90: -0.28 | AT90: 196578 | AU90: 0.28 | AV90: 240432 | AW90: 0.22 | AX90: 155163 | AY90: -0.35 | AZ90: 217614 | BA90: 0.4 | BB90: 56780 | BC90: -2132 | BD90: -1.04 | BE90: 21552 | BF90: 11.11 | BG90: 23364 | BH90: 0.08 | BI90: -27895 | BJ90: -2.19 | BK90: 31160 | BL90: 2.12 | BM90: http://www.foko.lt | BN90: https://rekvizitai.vz.lt/imone/fotokomanda/ | BO90: https://www.facebook.com/FOKOLT/ | BR90: Žemiausia | BS90: Teisinis statusas neįregistruotas
A91: UAB "Wide Wings" | B91: http://www.widewings.eu | C91: 731100 | D91: Reklamos agentūrų veikla | I91: 302988072 | J91: LT100007528417 | K91: UAB "Wide Wings" | L91: J. Jasinskio g. 16C, LT-03163 Vilnius | M91: Vilnius | N91: admin@widewings.eu | P91: 37065000000 | R91: 14 | S91: 16 | T91: 0.14 | U91: 16 | V91: 0 | W91: 13 | X91: -0.19 | Y91: 11 | Z91: -0.15 | AA91: 8 | AB91: -0.27 | AC91: 7 | AD91: 1019 | AE91: 974 | AF91: -0.04 | AG91: 1437 | AH91: 0.48 | AI91: 1826 | AJ91: 0.27 | AK91: 2196 | AL91: 0.2 | AM91: 2276 | AN91: 0.04 | AO91: 2228 | AQ91: 542303 | AR91: 658028 | AS91: 0.21 | AT91: 752783 | AU91: 0.14 | AV91: 684723 | AW91: -0.09 | AX91: 670301 | AY91: -0.02 | AZ91: 808733 | BA91: 0.21 | BB91: 4181 | BC91: 91256 | BD91: 20.83 | BE91: 49223 | BF91: -0.46 | BG91: 30056 | BH91: -0.39 | BI91: 19561 | BJ91: -0.35 | BK91: 21444 | BL91: 0.1 | BM91: http://www.widewings.eu | BN91: https://rekvizitai.vz.lt/imone/wide_wings/ | BR91: Vidutinė | BS91: Teisinis statusas neįregistruotas
A92: UAB "Kūrybiniai komunikacijos sprendimai" | B92: http://www.autoriai.lt | C92: 733000 | D92: Viešųjų ryšių ir komunikacijos veikla | I92: 303119589 | J92: LT100008334111 | K92: UAB "Kūrybiniai komunikacijos sprendimai" | L92: Mindaugo g. 23C, LT-03218 Vilnius | M92: Vilnius | N92: parasyk@autoriai.lt | R92: 10 | S92: 10 | T92: 0 | U92: 10 | V92: 0 | W92: 7 | X92: -0.3 | Y92: 2 | Z92: -0.71 | AA92: 2 | AB92: 0 | AC92: 1 | AD92: 885 | AE92: 951 | AF92: 0.07 | AG92: 1469 | AH92: 0.54 | AI92: 1752 | AJ92: 0.19 | AK92: \N | AL92: \N | AM92: \N | AN92: \N | AO92: \N | AQ92: 577489 | AR92: 464698 | AS92: -0.2 | AT92: 690337 | AU92: 0.49 | AV92: 410820 | AW92: -0.4 | AX92: 451779 | AY92: 0.1 | AZ92: 477010 | BA92: 0.06 | BB92: 70122 | BC92: 53658 | BD92: -0.23 | BE92: 70891 | BF92: 0.32 | BG92: 16785 | BH92: -0.76 | BI92: 583 | BJ92: -0.97 | BK92: 21248 | BL92: 35.45 | BM92: http://www.autoriai.lt | BN92: https://rekvizitai.vz.lt/imone/kurybiniai_komunikacijos_sprendimai/ | BR92: Žemiausia | BS92: Teisinis statusas neįregistruotas
A93: UAB "Vaizdo skonis" | B93: http://www.zest.lt | C93: 731100 | D93: Reklamos agentūrų veikla | I93: 303193931 | J93: LT100008216319 | K93: UAB "Vaizdo skonis" | L93: Žemaitės g. 21-101, Vilnius | M93: Vilnius | N93: info@zest.lt | P93: 37070000000 | R93: 2 | S93: 2 | T93: 0 | U93: 2 | V93: 0 | W93: 1 | X93: -0.5 | Y93: 1 | Z93: 0 | AA93: 2 | AB93: 1 | AC93: 1 | AD93: \N | AE93: \N | AF93: \N | AG93: \N | AH93: \N | AI93: \N | AJ93: \N | AK93: \N | AL93: \N | AM93: \N | AN93: \N | AO93: \N | AQ93: 1171259 | AR93: 607912 | AS93: -0.48 | AT93: 882594 | AU93: 0.45 | AV93: 1040136 | AW93: 0.18 | AX93: 1946579 | AY93: 0.87 | AZ93: 1713642 | BA93: -0.12 | BB93: 93664 | BC93: -2056 | BD93: -1.02 | BE93: 38215 | BF93: 19.59 | BG93: 40347 | BH93: 0.06 | BI93: 187358 | BJ93: 3.64 | BK93: 58387 | BL93: -0.69 | BM93: http://www.zest.lt | BN93: https://rekvizitai.vz.lt/imone/vaizdo_skonis/ | BO93: https://www.facebook.com/ZestProductionHouse | BQ93: https://linkedin.com/company/zest-production-house | BR93: Vidutinė | BS93: Teisinis statusas neįregistruotas
A94: UAB "Skaitmeninė reklama" | B94: http://www.skreklama.lt | C94: 731100 | D94: Reklamos agentūrų veikla | I94: 304009850 | J94: LT100009370315 | K94: UAB "Skaitmeninė reklama" | L94: Perkūnkiemio g. 5, LT-12129 Vilnius | M94: Vilnius | N94: info@skreklama.lt | P94: 37060000000 | R94: 6 | S94: 7 | T94: 0.17 | U94: 6 | V94: -0.14 | W94: 7 | X94: 0.17 | Y94: 6 | Z94: -0.14 | AA94: 6 | AB94: 0 | AC94: 6 | AD94: 2858 | AE94: 3139 | AF94: 0.1 | AG94: 4661 | AH94: 0.48 | AI94: 4471 | AJ94: -0.04 | AK94: 5086 | AL94: 0.14 | AM94: 5911 | AN94: 0.16 | AO94: 5556 | AQ94: 992725 | AR94: 1086282 | AS94: 0.09 | AT94: 1341762 | AU94: 0.24 | AV94: 1988223 | AW94: 0.48 | AX94: 2655646 | AY94: 0.34 | AZ94: 2521409 | BA94: -0.05 | BB94: 66749 | BC94: 66481 | BD94: 0 | BE94: 47495 | BF94: -0.29 | BG94: 87884 | BH94: 0.85 | BI94: 32475 | BJ94: -0.63 | BK94: 80127 | BL94: 1.47 | BM94: http://www.skreklama.lt | BN94: https://rekvizitai.vz.lt/imone/skaitmenine_reklama/ | BR94: Žemiausia | BS94: Teisinis statusas neįregistruotas
A95: UAB "Turinio rinkodara" | B95: https://choco.agency | C95: 731100 | D95: Reklamos agentūrų veikla | I95: 304170889 | J95: LT100010096910 | K95: UAB "Turinio rinkodara" | L95: Vilniaus g. 28-16, LT-01402 Vilnius | M95: Vilnius | N95: info@choco.agency | P95: 37061000000 | R95: 11 | S95: 11 | T95: 0 | U95: 14 | V95: 0.27 | W95: 16 | X95: 0.14 | Y95: 17 | Z95: 0.06 | AA95: 15 | AB95: -0.12 | AC95: 11 | AD95: 2115 | AE95: 1562 | AF95: -0.26 | AG95: 2120 | AH95: 0.36 | AI95: 2689 | AJ95: 0.27 | AK95: 2813 | AL95: 0.05 | AM95: 2848 | AN95: 0.01 | AO95: 2912 | AQ95: 696612 | AR95: 883128 | AS95: 0.27 | AT95: 2308986 | AU95: 1.61 | AV95: 3091351 | AW95: 0.34 | AX95: 3630118 | AY95: 0.17 | AZ95: 3855674 | BA95: 0.06 | BB95: 118886 | BC95: 153799 | BD95: 0.29 | BE95: 152342 | BF95: -0.01 | BG95: 170223 | BH95: 0.12 | BI95: 185256 | BJ95: 0.09 | BK95: 181329 | BL95: -0.02 | BM95: https://choco.agency | BN95: https://rekvizitai.vz.lt/imone/turinio_rinkodara/ | BR95: Žemiausia | BS95: Teisinis statusas neįregistruotas
A96: The Critical, UAB | B96: http://thecritical.lt | C96: 731100 | D96: Reklamos agentūrų veikla | I96: 304562858 | J96: LT100011042110 | K96: The Critical, UAB | L96: K. Petrausko g. 26, LT-44156 Kaunas | M96: Kaunas | N96: hi@thecritical.lt | O96: - | R96: 17 | S96: 12 | T96: -0.29 | U96: 15 | V96: 0.25 | W96: 23 | X96: 0.53 | Y96: 27 | Z96: 0.17 | AA96: 26 | AB96: -0.04 | AC96: 33 | AD96: 2079 | AE96: 1929 | AF96: -0.07 | AG96: 2230 | AH96: 0.16 | AI96: 2450 | AJ96: 0.1 | AK96: 2646 | AL96: 0.08 | AM96: 2529 | AN96: -0.04 | AO96: 2600 | AQ96: 872145 | AR96: 1143759 | AS96: 0.31 | AT96: 1618544 | AU96: 0.42 | AV96: 1813270 | AW96: 0.12 | AX96: 1905999 | AY96: 0.05 | AZ96: \N | BA96: \N | BB96: -5901 | BC96: 99347 | BD96: 17.84 | BE96: 99221 | BF96: 0 | BG96: 15289 | BH96: -0.85 | BI96: -91002 | BJ96: -6.95 | BK96: \N | BL96: \N | BM96: http://thecritical.lt | BN96: https://rekvizitai.vz.lt/imone/dizaino_agentura/ | BO96: https://www.facebook.com/thecriticalagency | BP96: https://www.instagram.com/the_critical_agency/ | BQ96: https://www.linkedin.com/company/thecritical | BR96: Žemiausia | BS96: Teisinis statusas neįregistruotas
A97: "Ave Media", MB | B97: http://avemedia.lt | C97: 731100 | D97: Reklamos agentūrų veikla | I97: 304686507 | J97: LT100014809418 | K97: "Ave Media", MB | L97: Taikos g. 95-80, LT-05200 Vilnius | M97: Vilnius | N97: info@avemedia.lt | P97: 37069000000 | R97: \N | S97: \N | T97: \N | U97: \N | V97: \N | W97: \N | X97: \N | Y97: \N | Z97: \N | AA97: \N | AB97: \N | AD97: \N | AE97: \N | AF97: \N | AG97: \N | AH97: \N | AI97: \N | AJ97: \N | AK97: \N | AL97: \N | AM97: \N | AN97: \N | AO97: \N | AP97: 217.05 | AQ97: 38589 | AR97: 23608 | AS97: -0.39 | AT97: 42347 | AU97: 0.79 | AV97: 56054 | AW97: 0.32 | AX97: 77893 | AY97: 0.39 | AZ97: 86746 | BA97: 0.11 | BB97: 2266 | BC97: -31 | BD97: -1.01 | BE97: 1180 | BF97: 39.06 | BG97: 2003 | BH97: 0.7 | BI97: -812 | BJ97: -1.41 | BK97: 7310 | BL97: 10 | BM97: http://avemedia.lt | BN97: https://rekvizitai.vz.lt/imone/ave_media/ | BO97: https://www.facebook.com/avemediaagency/ | BR97: Žema | BS97: Teisinis statusas neįregistruotas
A98: MB "Kvadratai" | B98: http://www.scuare.lt | C98: 731100 | D98: Reklamos agentūrų veikla | I98: 304824716 | J98: LT100011847616 | K98: MB "Kvadratai" | L98: Pamėnkalnio g. 34B, Vilnius | M98: Vilnius | N98: info@scuare.lt | P98: 37066000000 | R98: \N | S98: \N | T98: \N | U98: \N | V98: \N | W98: 3 | X98: \N | Y98: 4 | Z98: 0.33 | AA98: 3 | AB98: -0.25 | AC98: 2 | AD98: \N | AE98: \N | AF98: \N | AG98: \N | AH98: \N | AI98: 1568 | AJ98: \N | AK98: 1594 | AL98: 0.02 | AM98: \N | AN98: \N | AO98: \N | AQ98: 301186 | AR98: 239230 | AS98: -0.21 | AT98: 447002 | AU98: 0.87 | AV98: 291190 | AW98: -0.35 | AX98: 491988 | AY98: 0.69 | AZ98: 891608 | BA98: 0.81 | BB98: 42574 | BC98: 27406 | BD98: -0.36 | BE98: 59375 | BF98: 1.17 | BG98: 22344 | BH98: -0.62 | BI98: 81254 | BJ98: 2.64 | BK98: 126884 | BL98: 0.56 | BM98: http://www.scuare.lt | BN98: https://rekvizitai.vz.lt/imone/kvadratai/ | BO98: https://www.facebook.com/scuarevilnius/ | BR98: Žemiausia | BS98: Teisinis statusas neįregistruotas
A99: UAB Caption | B99: https://caption.lt | C99: 731100 | D99: Reklamos agentūrų veikla | I99: 304844761 | J99: LT100011861117 | K99: UAB Caption | L99: Slucko g. 2, LT-09310 Vilnius | M99: Vilnius | N99: info@caption.lt | P99: 37061000000 | R99: 7 | S99: 9 | T99: 0.29 | U99: 20 | V99: 1.22 | W99: 24 | X99: 0.2 | Y99: 30 | Z99: 0.25 | AA99: 30 | AB99: 0 | AC99: 27 | AD99: 1237 | AE99: 1252 | AF99: 0.01 | AG99: 1343 | AH99: 0.07 | AI99: 1618 | AJ99: 0.2 | AK99: 1764 | AL99: 0.09 | AM99: 2000 | AN99: 0.13 | AO99: 2249 | AQ99: 316051 | AR99: 516299 | AS99: 0.63 | AT99: 716566 | AU99: 0.39 | AV99: 1061361 | AW99: 0.48 | AX99: 1278169 | AY99: 0.2 | AZ99: 1258533 | BA99: -0.02 | BB99: 58587 | BC99: 144823 | BD99: 1.47 | BE99: 74330 | BF99: -0.49 | BG99: 203255 | BH99: 1.73 | BI99: 155781 | BJ99: -0.23 | BK99: 4983 | BL99: -0.97 | BM99: https://caption.lt | BN99: https://rekvizitai.vz.lt/imone/caption/ | BO99: https://www.facebook.com/caption.lt | BP99: https://www.instagram.com/caption.lt/ | BQ99: https://www.linkedin.com/company/captionagency/ | BR99: Žema | BS99: Teisinis statusas neįregistruotas
A100: MB "Vienas paspaudimas" | B100: https://oneclick.lt | C100: 731100 | D100: Reklamos agentūrų veikla | I100: 304859756 | J100: LT100012185317 | K100: MB "Vienas paspaudimas" | L100: Juozo Vyšniausko g. 5, Narsiečių k., LT-53304 Kauno r. | M100: Kauno r. | N100: info@oneclick.lt | P100: 37064000000 | Q100: 37066000000 | R100: 2 | S100: 3 | T100: 0.5 | U100: 5 | V100: 0.67 | W100: 7 | X100: 0.4 | Y100: 8 | Z100: 0.14 | AA100: 8 | AB100: 0 | AC100: 3 | AD100: \N | AE100: \N | AF100: \N | AG100: 1467 | AH100: \N | AI100: 1828 | AJ100: 0.25 | AK100: 2501 | AL100: 0.37 | AM100: 2967 | AN100: 0.19 | AO100: \N | AQ100: 106868 | AR100: 188503 | AS100: 0.76 | AT100: 334901 | AU100: 0.78 | AV100: 557757 | AW100: 0.67 | AX100: 663263 | AY100: 0.19 | AZ100: 542041 | BA100: -0.18 | BB100: 35778 | BC100: 84072 | BD100: 1.35 | BE100: 66634 | BF100: -0.21 | BG100: 88738 | BH100: 0.33 | BI100: 100252 | BJ100: 0.13 | BK100: 89946 | BL100: -0.1 | BM100: https://oneclick.lt | BN100: https://rekvizitai.vz.lt/imone/vienas_paspaudimas/ | BR100: Žemiausia | BS100: Teisinis statusas neįregistruotas
...

Sheet Įmonės
A1: Pavadinimas | B1: Pagrindinis brandas | C1: Svetainė | D1: EVRK v2 veiklos kodas | E1: EVRK v2 veikla | F1: Veikla (kūryba) | G1: Veikla (PR) | H1: Veikla (Digital media) | I1: Veikla (PA) | J1: Kodas | K1: PVM kodas | L1: Įmonė | M1: Adresas | N1: Miestas | O1: El. paštas | P1: Telefonas | Q1: Mobilus | R1: Darbuotojai 2019 | S1: Darbuotojai 2020 | T1: Darb. Pokytis 19-20 | U1: Darbuotojai 2021 | V1: Darb. Pokytis 20-21 | W1: Darbuotojai 2022 | X1: Darb. Pokytis 21-22 | Y1: Darbuotojai 2023 | Z1: Darb. Pokytis 22-23 | AA1: Darbuotojai 2024 | AB1: Darb. Pokytis 23-24 | AC1: Darbuotojai 2025 06 09 | AD1: Atlyginimų vidurkis 2019 | AE1: Atlyginimų sąnaudos 2019 | AF1: Ne atlyginimų sąnaudos darbuotojui 2019 | AG1: Atlyginimų vidurkis 2020 | AH1: Atlyginimų sąnaudos 2020 | AI1: Ne atlyginimų sąnaudos darbuotojui 2020 | AJ1: Atl .Pokytis 19-20 | AK1: Atlyginimų vidurkis 2021 | AL1: Atlyginimų sąnaudos 2021 | AM1: Ne atlyginimų sąnaudos darbuotojui 2021 | AN1: Atl. Pokytis 20-21 | AO1: Atlyginimų vidurkis 2022 | AP1: Atlyginimų sąnaudos 2022 | AQ1: Ne atlyginimų sąnaudos darbuotojui 2022 | AR1: Atl. Pokytis 21-22 | AS1: Atlyginimų vidurkis 2023 | AT1: Atlyginimų sąnaudos 2023 | AU1: Ne atlyginimų sąnaudos darbuotojui 2023 | AV1: Atl. Pokytis 22-23 | AW1: Atlyginimų vidurkis 2024 | AX1: Atlyginimų sąnaudos 2024 | AY1: Ne atlyginimų sąnaudos darbuotojui 2024 | AZ1: Atl. Pokytis 23-24 | BA1: Atlyginimų vidurkis 2025 04 | BB1: Atlyginimų sąnaudos 2025 05 | BC1: Skola Sodrai | BD1: Apyvarta 2019 | BE1: Apyvarta 2020 | BF1: Apyvart. Pokytis 19-20 | BG1: Apyvarta 2021 | BH1: Apyvart. Pokytis 20-21 | BI1: Apyvarta 2022 | BJ1: Apyvart. Pokytis 21-22 | BK1: Apyvarta 2023 | BL1: Apyvart. Pokytis 22-23 | BM1: Apyvarta 2024 | BN1: Apyvart. Pokytis 23-24 | BO1: Grynasis pelnas 2019 | BP1: Grynasis pelnas 2020 | BQ1: Gr. Peln. Pokytis 19-20 | BR1: Grynasis pelnas 2021 | BS1: Gr. Peln. Pokytis 20-21 | BT1: Grynasis pelnas 2022 | BU1: Gr. Peln. Pokytis 21-22 | BV1: Grynasis pelnas 2023 | BW1: Gr. Peln. Pokytis 22-23 | BX1: Grynasis pelnas 2024 | BY1: Gr. Peln. Pokytis 23-24 | BZ1: Rekvizitai URL | CA1: Facebook | CB1: Instagram | CC1: LinkedIn | CD1: Kredito rizika | CE1: Įregistruota
A2: 6 Loops, UAB | B2: 6 Loops | C2: 6loops.lt | D2: 731100 | E2: Reklamos agentūrų veikla | J2: 304405052 | L2: 6 vijos, MB | M2: Polocko g. 51-11, LT-01205 Vilnius | N2: Vilnius | O2: info@6loops.lt | Q2: 37065097123 | R2: \N | S2: \N | T2: \N | U2: \N | V2: \N | W2: \N | X2: \N | Y2: \N | Z2: \N | AA2: 1 | AB2: \N | AC2: 1 | AD2: \N | AE2: \N | AF2: \N | AG2: \N | AH2: \N | AI2: \N | AJ2: \N | AK2: \N | AL2: \N | AM2: \N | AN2: \N | AO2: \N | AP2: \N | AQ2: \N | AR2: \N | AS2: \N | AT2: \N | AU2: \N | AV2: \N | AW2: \N | AX2: \N | AY2: \N | AZ2: \N | BA2: \N | BB2: \N | BD2: 3060 | BE2: 4301 | BF2: 0.40555556 | BH2: \N | BI2: 0 | BJ2: \N | BK2: 23740 | BL2: \N | BM2: 60840 | BN2: 1.5627633 | BO2: -3087 | BP2: 1 | BQ2: 1.0003239 | BR2: 0 | BS2: -1 | BT2: 0 | BU2: 0 | BV2: 18605 | BW2: \N | BX2: 31289 | BY2: 0.68175222 | BZ2: https://rekvizitai.vz.lt/imone/6_vijos/ | CC2: https://www.linkedin.com/company/6-loops/ | CD2: Žemiausia | CE2: 2016-09-28
A3: Adell reklama, UAB | B3: Ogilvy | C3: ogilvy.lt | D3: 731100 | F3: Kūryba | J3: 110771682 | K3: LT107716811 | L3: ADELL REKLAMA, UAB | M3: Aukštaičių g. 7u, LT-11341 Vilnius | N3: Vilnius | O3: david@ogilvy.lt | P3: +370 619 19525 | R3: 45 | S3: 46 | T3: 0.022222222 | U3: 50 | V3: 0.086956522 | W3: 49 | X3: -0.02 | Y3: 49 | Z3: 0 | AA3: 45 | AB3: -0.081632653 | AC3: 43 | AD3: 2709 | AE3: =_20250609_reklama_data[[#This Row],[Atlyginimų vidurkis 2019]]*_20250609_reklama_data[[#This Row],[Darbuotojai 2019]]*12 -> 1462860 | AF3: =(_20250609_reklama_data[[#This Row],[Apyvarta 2019]]-_20250609_reklama_data[[#This Row],[Atlyginimų sąnaudos 2019]])/_20250609_reklama_data[[#This Row],[Darbuotojai 2019]] -> 129503.11 | AG3: 2940 | AH3: =_20250609_reklama_data[[#This Row],[Atlyginimų vidurkis 2020]]*_20250609_reklama_data[[#This Row],[Darbuotojai 2020]]*12 -> 1622880 | AI3: =(_20250609_reklama_data[[#This Row],[Apyvarta 2020]]-_20250609_reklama_data[[#This Row],[Atlyginimų sąnaudos 2020]])/_20250609_reklama_data[[#This Row],[Darbuotojai 2020]] -> 107200.65 | AJ3: 0.085271318 | AK3: 3106 | AL3: =_20250609_reklama_data[[#This Row],[Atlyginimų vidurkis 2021]]*_20250609_reklama_data[[#This Row],[Darbuotojai 2021]]*12 -> 1863600 | AM3: =(_20250609_reklama_data[[#This Row],[Apyvarta 2021]]-_20250609_reklama_data[[#This Row],[Atlyginimų sąnaudos 2021]])/_20250609_reklama_data[[#This Row],[Darbuotojai 2021]] -> 102944.94 | AN3: 0.056462585 | AO3: 3263 | AP3: =_20250609_reklama_data[[#This Row],[Atlyginimų vidurkis 2022]]*_20250609_reklama_data[[#This Row],[Darbuotojai 2022]]*12 -> 1918644 | AQ3: =(_20250609_reklama_data[[#This Row],[Apyvarta 2022]]-_20250609_reklama_data[[#This Row],[Atlyginimų sąnaudos 2022]])/_20250609_reklama_data[[#This Row],[Darbuotojai 2022]] -> 133005.24 | AR3: 0.050547328 | AS3: 4041 | AT3: =_20250609_reklama_data[[#This Row],[Atlyginimų vidurkis 2023]]*_20250609_reklama_data[[#This Row],[Darbuotojai 2023]]*12 -> 2376108 | AU3: =(_20250609_reklama_data[[#This Row],[Apyvarta 2023]]-_20250609_reklama_data[[#This Row],[Atlyginimų sąnaudos 2023]])/_20250609_reklama_data[[#This Row],[Darbuotojai 2023]] -> 107863.49 | AV3: 0.23843089 | AW3: 3618 | AX3: =_20250609_reklama_data[[#This Row],[Atlyginimų vidurkis 2024]]*_20250609_reklama_data[[#This Row],[Darbuotojai 2024]]*12 -> 1953720 | AY3: =(_20250609_reklama_data[[#This Row],[Apyvarta 2024]]-_20250609_reklama_data[[#This Row],[Atlyginimų sąnaudos 2024]])/_20250609_reklama_data[[#This Row],[Darbuotojai 2024]] -> 122292.42 | AZ3: -0.10467706 | BA3: 3183,97 | BB3: =_20250609_reklama_data[[#This Row],[Atlyginimų vidurkis 2025 04]]*_20250609_reklama_data[[#This Row],[Darbuotojai 2025 06 09]]*5 -> 684553.55 | BD3: 7290500 | BE3: 6554110 | BF3: -0.10100679 | BG3: 7010847 | BH3: 0.069687112 | BI3: 8435901 | BJ3: 0.20326417 | BK3: 7661419 | BL3: -0.091807858 | BM3: 7456879 | BN3: -0.026697404 | BO3: 638469 | BP3: 637044 | BQ3: -0.0022319016 | BR3: 689700 | BS3: 0.082656771 | BT3: 1148871 | BU3: 0.66575468 | BV3: 625927 | BW3: -0.45518078 | BX3: 493389 | BY3: -0.21174674 | BZ3: https://rekvizitai.vz.lt/imone/adell_reklama/ | CA3: https://www.facebook.com/OgilvyVilnius | CB3: https://www.instagram.com/ogilvy_vilnius/ | CC3: https://www.linkedin.com/company/ogilvy-vilnius/ | CD3: Žemiausia | CE3: 1997-04-18
A4: Adface, UAB | B4: Adface | C4: adface.lt | D4: 731100 | F4: Kūryba | J4: 301734377 | K4: LT100004124412 | L4: Adface, UAB | M4: Vilties g. 2, LT-46326 Kaunas | N4: Kaunas | O4: info@adface.lt | Q4: 37060781646 | R4: 4 | S4: 4 | T4: 0 | U4: 5 | V4: 0.25 | W4: 6 | X4: 0.2 | Y4: 9 | Z4: 0.5 | AA4: 9 | AB4: 0 | AC4: 7 | AD4: 1065 | AE4: =_20250609_reklama_data[[#This Row],[Atlyginimų vidurkis 2019]]*_20250609_reklama_data[[#This Row],[Darbuotojai 2019]]*12 -> 51120 | AF4: =(_20250609_reklama_data[[#This Row],[Apyvarta 2019]]-_20250609_reklama_data[[#This Row],[Atlyginimų sąnaudos 2019]])/_20250609_reklama_data[[#This Row],[Darbuotojai 2019]] -> 13124 | AG4: 1170 | AH4: =_20250609_reklama_data[[#This Row],[Atlyginimų vidurkis 2020]]*_20250609_reklama_data[[#This Row],[Darbuotojai 2020]]*12 -> 56160 | AI4: =(_20250609_reklama_data[[#This Row],[Apyvarta 2020]]-_20250609_reklama_data[[#This Row],[Atlyginimų sąnaudos 2020]])/_20250609_reklama_data[[#This Row],[Darbuotojai 2020]] -> 13669.75 | AJ4: 0.098591549 | AK4: 1308 | AL4: =_20250609_reklama_data[[#This Row],[Atlyginimų vidurkis 2021]]*_20250609_reklama_data[[#This Row],[Darbuotojai 2021]]*12 -> 78480 | AM4: =(_20250609_reklama_data[[#This Row],[Apyvarta 2021]]-_20250609_reklama_data[[#This Row],[Atlyginimų sąnaudos 2021]])/_20250609_reklama_data[[#This Row],[Darbuotojai 2021]] -> 16834.8 | AN4: 0.11794872 | AO4: 1500 | AP4: =_20250609_reklama_data[[#This Row],[Atlyginimų vidurkis 2022]]*_20250609_reklama_data[[#This Row],[Darbuotojai 2022]]*12 -> 108000 | AQ4: =(_20250609_reklama_data[[#This Row],[Apyvarta 2022]]-_20250609_reklama_data[[#This Row],[Atlyginimų sąnaudos 2022]])/_20250609_reklama_data[[#This Row],[Darbuotojai 2022]] -> 11207.5 | AR4: 0.14678899 | AS4: 1529 | AT4: =_20250609_reklama_data[[#This Row],[Atlyginimų vidurkis 2023]]*_20250609_reklama_data[[#This Row],[Darbuotojai 2023]]*12 -> 165132 | AU4: =(_20250609_reklama_data[[#This Row],[Apyvarta 2023]]-_20250609_reklama_data[[#This Row],[Atlyginimų sąnaudos 2023]])/_20250609_reklama_data[[#This Row],[Darbuotojai 2023]] -> 7606.8889 | AV4: 0.019333333 | AW4: 1848 | AX4: =_20250609_reklama_data[[#This Row],[Atlyginimų vidurkis 2024]]*_20250609_reklama_data[[#This Row],[Darbuotojai 2024]]*12 -> 199584 | AY4: =(_20250609_reklama_data[[#This Row],[Apyvarta 2024]]-_20250609_reklama_data[[#This Row],[Atlyginimų sąnaudos 2024]])/_20250609_reklama_data[[#This Row],[Darbuotojai 2024]] -> 1450.5556 | AZ4: 0.20863309 | BA4: 1928,05 | BB4: =_20250609_reklama_data[[#This Row],[Atlyginimų vidurkis 2025 04]]*_20250609_reklama_data[[#This Row],[Darbuotojai 2025 06 09]]*5 -> 67481.75 | BD4: 103616 | BE4: 110839 | BF4: 0.069709311 | BG4: 162654 | BH4: 0.46747986 | BI4: 175245 | BJ4: 0.077409716 | BK4: 233594 | BL4: 0.33295672 | BM4: 212639 | BN4: -0.089706927 | BO4: 1139 | BP4: 8918 | BQ4: 6.8296752 | BR4: 37970 | BS4: 3.2576811 | BT4: 34783 | BU4: -0.083934685 | BV4: 19870 | BW4: -0.42874393 | BX4: 4687 | BY4: -0.76411676 | BZ4: https://rekvizitai.vz.lt/imone/adface/ | CA4: https://www.facebook.com/marketingoagenturaADFACE | CC4: https://www.linkedin.com/company/adface-agency | CD4: Žema | CE4: 2008-05-27
A5: Adverum, UAB | B5: Adverum | C5: adverum.lt | D5: 702100 | G5: PR | J5: 300003647 | K5: LT140489219 | L5: ADVERUM, UAB | M5: Gedimino pr. 27, LT-01104 Vilnius | N5: Vilnius | O5: hello@adverum.lt | P5: +370 5 2336561 | Q5: 37065500448 | R5: 11 | S5: 12 | T5: 0.090909091 | U5: 13 | V5: 0.083333333 | W5: 14 | X5: 0.076923077 | Y5: 13 | Z5: -0.071428571 | AA5: 12 | AB5: -0.076923077 | AC5: 13 | AD5: 1861 | AE5: =_20250609_reklama_data[[#This Row],[Atlyginimų vidurkis 2019]]*_20250609_reklama_data[[#This Row],[Darbuotojai 2019]]*12 -> 245652 | AF5: =(_20250609_reklama_data[[#This Row],[Apyvarta 2019]]-_20250609_reklama_data[[#This Row],[Atlyginimų sąnaudos 2019]])/_20250609_reklama_data[[#This Row],[Darbuotojai 2019]] -> 38353.091 | AG5: 2035 | AH5: =_20250609_reklama_data[[#This Row],[Atlyginimų vidurkis 2020]]*_20250609_reklama_data[[#This Row],[Darbuotojai 2020]]*12 -> 293040 | AI5: =(_20250609_reklama_data[[#This Row],[Apyvarta 2020]]-_20250609_reklama_data[[#This Row],[Atlyginimų sąnaudos 2020]])/_20250609_reklama_data[[#This Row],[Darbuotojai 2020]] -> 37628.583 | AJ5: 0.093498119 | AK5: 2318 | AL5: =_20250609_reklama_data[[#This Row],[Atlyginimų vidurkis 2021]]*_20250609_reklama_data[[#This Row],[Darbuotojai 2021]]*12 -> 361608 | AM5: =(_20250609_reklama_data[[#This Row],[Apyvarta 2021]]-_20250609_reklama_data[[#This Row],[Atlyginimų sąnaudos 2021]])/_20250609_reklama_data[[#This Row],[Darbuotojai 2021]] -> 85125.462 | AN5: 0.13906634 | AO5: 2323 | AP5: =_20250609_reklama_data[[#This Row],[Atlyginimų vidurkis 2022]]*_20250609_reklama_data[[#This Row],[Darbuotojai 2022]]*12 -> 390264 | AQ5: =(_20250609_reklama_data[[#This Row],[Apyvarta 2022]]-_20250609_reklama_data[[#This Row],[Atlyginimų sąnaudos 2022]])/_20250609_reklama_data[[#This Row],[Darbuotojai 2022]] -> 61512.571 | AR5: 0.0021570319 | AS5: 2442 | AT5: =_20250609_reklama_data[[#This Row],[Atlyginimų vidurkis 2023]]*_20250609_reklama_data[[#This Row],[Darbuotojai 2023]]*12 -> 380952 | AU5: =(_20250609_reklama_data[[#This Row],[Apyvarta 2023]]-_20250609_reklama_data[[#This Row],[Atlyginimų sąnaudos 2023]])/_20250609_reklama_data[[#This Row],[Darbuotojai 2023]] -> 86465.231 | AV5: 0.051226862 | AW5: 2597 | AX5: =_20250609_reklama_data[[#This Row],[Atlyginimų vidurkis 2024]]*_20250609_reklama_data[[#This Row],[Darbuotojai 2024]]*12 -> 373968 | AY5: =(_20250609_reklama_data[[#This Row],[Apyvarta 2024]]-_20250609_reklama_data[[#This Row],[Atlyginimų sąnaudos 2024]])/_20250609_reklama_data[[#This Row],[Darbuotojai 2024]] -> -31164 | AZ5: 0.063472563 | BA5: 2834,95 | BB5: =_20250609_reklama_data[[#This Row],[Atlyginimų vidurkis 2025 04]]*_20250609_reklama_data[[#This Row],[Darbuotojai 2025 06 09]]*5 -> 184271.75 | BD5: 667536 | BE5: 744583 | BF5: 0.11541999 | BG5: 1468239 | BH5: 0.97189434 | BI5: 1251440 | BJ5: -0.1476592 | BK5: 1505000 | BL5: 0.20261459 | BN5: \N | BO5: 62597 | BP5: 46689 | BQ5: -0.25413358 | BR5: 259227 | BS5: 4.5522072 | BT5: 201023 | BU5: -0.22452908 | BV5: 318511 | BW5: 0.58445054 | BY5: \N | BZ5: https://rekvizitai.vz.lt/imone/ad_verum/ | CA5: https://www.facebook.com/adverum | CB5: https://www.instagram.com/adverum.lt/ | CC5: https://www.linkedin.com/company/ad-verum | CD5: Žemiausia | CE5: 2004-02-17
A6: ALL CAPS, UAB | B6: ALL CAPS | C6: allcaps.lt | D6: 731100 | E6: Reklamos agentūrų veikla | J6: 125763054 | K6: LT257630515 | L6: ALL CAPS, UAB | M6: A. Goštauto g. 8, LT-01108 Vilnius | N6: Vilnius | O6: nerijus@allcaps.lt | P6: +370 5 2460634 | R6: 33 | S6: 32 | T6: -0.03030303 | U6: 33 | V6: 0.03125 | W6: 35 | X6: 0.060606061 | Y6: 35 | Z6: 0 | AA6: 34 | AB6: -0.028571429 | AC6: 36 | AD6: 1521 | AE6: =_20250609_reklama_data[[#This Row],[Atlyginimų vidurkis 2019]]*_20250609_reklama_data[[#This Row],[Darbuotojai 2019]]*12 -> 602316 | AF6: =(_20250609_reklama_data[[#This Row],[Apyvarta 2019]]-_20250609_reklama_data[[#This Row],[Atlyginimų sąnaudos 2019]])/_20250609_reklama_data[[#This Row],[Darbuotojai 2019]] -> 24256.758 | AG6: 1588 | AH6: =_20250609_reklama_data[[#This Row],[Atlyginimų vidurkis 2020]]*_20250609_reklama_data[[#This Row],[Darbuotojai 2020]]*12 -> 609792 | AI6: =(_20250609_reklama_data[[#This Row],[Apyvarta 2020]]-_20250609_reklama_data[[#This Row],[Atlyginimų sąnaudos 2020]])/_20250609_reklama_data[[#This Row],[Darbuotojai 2020]] -> 19605.188 | AJ6: 0.044049967 | AK6: 1897 | AL6: =_20250609_reklama_data[[#This Row],[Atlyginimų vidurkis 2021]]*_20250609_reklama_data[[#This Row],[Darbuotojai 2021]]*12 -> 751212 | AM6: =(_20250609_reklama_data[[#This Row],[Apyvarta 2021]]-_20250609_reklama_data[[#This Row],[Atlyginimų sąnaudos 2021]])/_20250609_reklama_data[[#This Row],[Darbuotojai 2021]] -> 25823 | AN6: 0.19458438 | AO6: 2185 | AP6: =_20250609_reklama_data[[#This Row],[Atlyginimų vidurkis 2022]]*_20250609_reklama_data[[#This Row],[Darbuotojai 2022]]*12 -> 917700 | AQ6: =(_20250609_reklama_data[[#This Row],[Apyvarta 2022]]-_20250609_reklama_data[[#This Row],[Atlyginimų sąnaudos 2022]])/_20250609_reklama_data[[#This Row],[Darbuotojai 2022]] -> 26935.4 | AR6: 0.15181866 | AS6: 2334 | AT6: =_20250609_reklama_data[[#This Row],[Atlyginimų vidurkis 2023]]*_20250609_reklama_data[[#This Row],[Darbuotojai 2023]]*12 -> 980280 | AU6: =(_20250609_reklama_data[[#This Row],[Apyvarta 2023]]-_20250609_reklama_data[[#This Row],[Atlyginimų sąnaudos 2023]])/_20250609_reklama_data[[#This Row],[Darbuotojai 2023]] -> 25396.629 | AV6: 0.06819222 | AW6: 2526 | AX6: =_20250609_reklama_data[[#This Row],[Atlyginimų vidurkis 2024]]*_20250609_reklama_data[[#This Row],[Darbuotojai 2024]]*12 -> 1030608 | AY6: =(_20250609_reklama_data[[#This Row],[Apyvarta 2024]]-_20250609_reklama_data[[#This Row],[Atlyginimų sąnaudos 2024]])/_20250609_reklama_data[[#This Row],[Darbuotojai 2024]] -> -30312 | AZ6: 0.082262211 | BA6: 2603,10 | BB6: =_20250609_reklama_data[[#This Row],[Atlyginimų vidurkis 2025 04]]*_20250609_reklama_data[[#This Row],[Darbuotojai 2025 06 09]]*5 -> 468558 | BD6: 1402789 | BE6: 1237158 | BF6: -0.11807264 | BG6: 1603371 | BH6: 0.2960115 | BI6: 1860439 | BJ6: 0.16032971 | BK6: 1869162 | BL6: 0.0046886783 | BN6: \N | BO6: 173870 | BP6: 152377 | BQ6: -0.12361534 | BR6: 3715 | BS6: -0.97561968 | BT6: 100807 | BU6: 26.135128 | BV6: 122873 | BW6: 0.21889353 | BY6: \N | BZ6: https://rekvizitai.vz.lt/imone/all_caps/ | CA6: https://www.facebook.com/ALLCAPSagency/ | CB6: https://www.instagram.com/allcapsagency/ | CC6: https://www.linkedin.com/company/all-caps-vilnius/ | CD6: Žemiausia | CE6: 2001-11-05
A7: Caption, UAB | B7: Caption | J7: 304844761 | K7: LT100011861117 | L7: UAB Caption | M7: Slucko g. 2, LT-09310 Vilnius | N7: Vilnius | O7: info@caption.lt | Q7: 37061079990 | R7: 7 | S7: 9 | T7: 0.29 | U7: 20 | V7: 1.22 | W7: 24 | X7: 0.2 | Y7: 30 | Z7: 0.25 | AA7: 30 | AB7: 0 | AC7: 27 | AD7: 1237 | AE7: 8659 | AF7: 43913.143 | AG7: 1252 | AH7: 11268 | AI7: 56114.556 | AJ7: 0.01 | AK7: 1343 | AL7: 26860 | AM7: 34485.3 | AN7: 0.07 | AO7: 1618 | AP7: 38832 | AQ7: 42605.375 | AR7: 0.2 | AS7: 1764 | AT7: 52920 | AU7: 40841.633 | AV7: 0.09 | AW7: 2000 | AX7: 60000 | AY7: 39951.1 | AZ7: 0.13 | BA7: 2249 | BB7: 60723 | BD7: 316051 | BE7: 516299 | BF7: 0.63 | BG7: 716566 | BH7: 0.39 | BI7: 1061361 | BJ7: 0.48 | BK7: 1278169 | BL7: 0.2 | BM7: 1258533 | BN7: -0.02 | BO7: 58587 | BP7: 144823 | BQ7: 1.47 | BR7: 74330 | BS7: -0.49 | BT7: 203255 | BU7: 1.73 | BV7: 155781 | BW7: -0.23 | BX7: 4983 | BY7: -0.97 | BZ7: https://rekvizitai.vz.lt/imone/caption/ | CA7: https://www.facebook.com/caption.lt | CB7: https://www.instagram.com/caption.lt/ | CC7: https://www.linkedin.com/company/captionagency/ | CD7: Žema | CE7: Teisinis statusas neįregistruotas
A8: Apg media, UAB | B8: APG media | J8: 305005890 | K8: LT100012178516 | L8: UAB APG MEDIA | M8: Antakalnio g. 17, Vilnius | N8: Vilnius | Q8: 37065015650 | R8: 6 | S8: 10 | T8: 0.67 | U8: 16 | V8: 0.6 | W8: 17 | X8: 0.06 | Y8: 15 | Z8: -0.12 | AA8: 14 | AB8: -0.07 | AC8: 12 | AD8: 2236 | AE8: 13416 | AF8: 120315 | AG8: 2193 | AH8: 21930 | AI8: 105858 | AJ8: -0.02 | AK8: 2601 | AL8: 41616 | AM8: 103615.38 | AN8: 0.19 | AO8: 2876 | AP8: 48892 | AQ8: 116922.18 | AR8: 0.11 | AS8: 3528 | AT8: 52920 | AU8: 113868.33 | AV8: 0.23 | AW8: 3152 | AX8: 44128 | AY8: 78051.214 | AZ8: -0.11 | BA8: 4230 | BB8: 50760 | BD8: 735306 | BE8: 1080510 | BF8: 0.47 | BG8: 1699462 | BH8: 0.57 | BI8: 2036569 | BJ8: 0.2 | BK8: 1760945 | BL8: -0.14 | BM8: 1136845 | BN8: -0.35 | BO8: 10752 | BP8: 9194 | BQ8: -0.14 | BR8: 29804 | BS8: 2.24 | BT8: 50291 | BU8: 0.69 | BV8: 8415 | BW8: -0.83 | BX8: 91430 | BY8: 9.87 | BZ8: https://rekvizitai.vz.lt/imone/apg_media/ | CA8: https://www.facebook.com/apgmediaLT/ | CD8: Žemiausia | CE8: Teisinis statusas neįregistruotas
A9: Arena Media, UAB | B9: Arena Media | C9: arenamedia.lt | D9: 731100 | E9: Media | J9: 300597228 | K9: LT100002645214 | L9: Arena Media, UAB | M9: Jogailos g. 4, LT-01116 Vilnius | N9: Vilnius | O9: media@arenamedia.lt | P9: +370 5 2690033 | R9: 16 | S9: 11 | T9: -0.3125 | U9: 12 | V9: 0.090909091 | W9: 13 | X9: 0.083333333 | Y9: 14 | Z9: 0.076923077 | AA9: 14 | AB9: 0 | AC9: 13 | AD9: 2374 | AE9: =_20250609_reklama_data[[#This Row],[Atlyginimų vidurkis 2019]]*_20250609_reklama_data[[#This Row],[Darbuotojai 2019]]*12 -> 455808 | AF9: =(_20250609_reklama_data[[#This Row],[Apyvarta 2019]]-_20250609_reklama_data[[#This Row],[Atlyginimų sąnaudos 2019]])/_20250609_reklama_data[[#This Row],[Darbuotojai 2019]] -> 502154.06 | AG9: 2606 | AH9: =_20250609_reklama_data[[#This Row],[Atlyginimų vidurkis 2020]]*_20250609_reklama_data[[#This Row],[Darbuotojai 2020]]*12 -> 343992 | AI9: =(_20250609_reklama_data[[#This Row],[Apyvarta 2020]]-_20250609_reklama_data[[#This Row],[Atlyginimų sąnaudos 2020]])/_20250609_reklama_data[[#This Row],[Darbuotojai 2020]] -> 710763.82 | AJ9: 0.097725358 | AK9: 3065 | AL9: =_20250609_reklama_data[[#This Row],[Atlyginimų vidurkis 2021]]*_20250609_reklama_data[[#This Row],[Darbuotojai 2021]]*12 -> 441360 | AM9: =(_20250609_reklama_data[[#This Row],[Apyvarta 2021]]-_20250609_reklama_data[[#This Row],[Atlyginimų sąnaudos 2021]])/_20250609_reklama_data[[#This Row],[Darbuotojai 2021]] -> 1081272 | AN9: 0.176132 | AO9: 3304 | AP9: =_20250609_reklama_data[[#This Row],[Atlyginimų vidurkis 2022]]*_20250609_reklama_data[[#This Row],[Darbuotojai 2022]]*12 -> 515424 | AQ9: =(_20250609_reklama_data[[#This Row],[Apyvarta 2022]]-_20250609_reklama_data[[#This Row],[Atlyginimų sąnaudos 2022]])/_20250609_reklama_data[[#This Row],[Darbuotojai 2022]] -> 1086291.4 | AR9: 0.077977162 | AS9: 3252 | AT9: =_20250609_reklama_data[[#This Row],[Atlyginimų vidurkis 2023]]*_20250609_reklama_data[[#This Row],[Darbuotojai 2023]]*12 -> 546336 | AU9: =(_20250609_reklama_data[[#This Row],[Apyvarta 2023]]-_20250609_reklama_data[[#This Row],[Atlyginimų sąnaudos 2023]])/_20250609_reklama_data[[#This Row],[Darbuotojai 2023]] -> 895026.43 | AV9: -0.015738499 | AW9: 3314 | AX9: =_20250609_reklama_data[[#This Row],[Atlyginimų vidurkis 2024]]*_20250609_reklama_data[[#This Row],[Darbuotojai 2024]]*12 -> 556752 | AY9: =(_20250609_reklama_data[[#This Row],[Apyvarta 2024]]-_20250609_reklama_data[[#This Row],[Atlyginimų sąnaudos 2024]])/_20250609_reklama_data[[#This Row],[Darbuotojai 2024]] -> 729695 | AZ9: 0.019065191 | BA9: 3423,28 | BB9: =_20250609_reklama_data[[#This Row],[Atlyginimų vidurkis 2025 04]]*_20250609_reklama_data[[#This Row],[Darbuotojai 2025 06 09]]*5 -> 222513.2 | BD9: 8490273 | BE9: 8162394 | BF9: -0.038618193 | BG9: 13416624 | BH9: 0.64371188 | BI9: 14637212 | BJ9: 0.090975792 | BK9: 13076706 | BL9: -0.10661224 | BM9: 10772482 | BN9: -0.17620829 | BO9: 385151 | BP9: 357029 | BQ9: -0.073015519 | BR9: 351536 | BS9: -0.015385305 | BT9: 480070 | BU9: 0.36563538 | BV9: 376803 | BW9: -0.21510821 | BX9: 78192 | BY9: -0.79248573 | BZ9: https://rekvizitai.vz.lt/imone/adcom/ | CC9: https://www.linkedin.com/company/adcom-2/?originalSubdomain=lt | CD9: Žemiausia | CE9: 2006-09-08
A10: Astos dizainas, UAB | B10: TRUTH. | C10: truth.lt | D10: 731100 | F10: Kūryba | J10: 123932858 | K10: LT239328515 | L10: ASTOS DIZAINAS, UAB | M10: Maironio g. 11, Vilnius | N10: Vilnius | O10: hello@truth.lt | P10: +370 5 2124509 | Q10: 37061914508 | R10: 31 | S10: 27 | T10: -0.12903226 | U10: 27 | V10: 0 | W10: 26 | X10: -0.037037037 | Y10: 25 | Z10: -0.038461538 | AA10: 27 | AB10: 0.08 | AC10: 25 | AD10: 2507 | AE10: =_20250609_reklama_data[[#This Row],[Atlyginimų vidurkis 2019]]*_20250609_reklama_data[[#This Row],[Darbuotojai 2019]]*12 -> 932604 | AF10: =(_20250609_reklama_data[[#This Row],[Apyvarta 2019]]-_20250609_reklama_data[[#This Row],[Atlyginimų sąnaudos 2019]])/_20250609_reklama_data[[#This Row],[Darbuotojai 2019]] -> 82569.871 | AG10: 2557 | AH10: =_20250609_reklama_data[[#This Row],[Atlyginimų vidurkis 2020]]*_20250609_reklama_data[[#This Row],[Darbuotojai 2020]]*12 -> 828468 | AI10: =(_20250609_reklama_data[[#This Row],[Apyvarta 2020]]-_20250609_reklama_data[[#This Row],[Atlyginimų sąnaudos 2020]])/_20250609_reklama_data[[#This Row],[Darbuotojai 2020]] -> 75463.778 | AJ10: 0.019944156 | AK10: 2648 | AL10: =_20250609_reklama_data[[#This Row],[Atlyginimų vidurkis 2021]]*_20250609_reklama_data[[#This Row],[Darbuotojai 2021]]*12 -> 857952 | AM10: =(_20250609_reklama_data[[#This Row],[Apyvarta 2021]]-_20250609_reklama_data[[#This Row],[Atlyginimų sąnaudos 2021]])/_20250609_reklama_data[[#This Row],[Darbuotojai 2021]] -> 53779.556 | AN10: 0.03558858 | AO10: 2759 | AP10: =_20250609_reklama_data[[#This Row],[Atlyginimų vidurkis 2022]]*_20250609_reklama_data[[#This Row],[Darbuotojai 2022]]*12 -> 860808 | AQ10: =(_20250609_reklama_data[[#This Row],[Apyvarta 2022]]-_20250609_reklama_data[[#This Row],[Atlyginimų sąnaudos 2022]])/_20250609_reklama_data[[#This Row],[Darbuotojai 2022]] -> 57863.654 | AR10: 0.041918429 | AS10: 3002 | AT10: =_20250609_reklama_data[[#This Row],[Atlyginimų vidurkis 2023]]*_20250609_reklama_data[[#This Row],[Darbuotojai 2023]]*12 -> 900600 | AU10: =(_20250609_reklama_data[[#This Row],[Apyvarta 2023]]-_20250609_reklama_data[[#This Row],[Atlyginimų sąnaudos 2023]])/_20250609_reklama_data[[#This Row],[Darbuotojai 2023]] -> 105764.16 | AV10: 0.08807539 | AW10: 3258 | AX10: =_20250609_reklama_data[[#This Row],[Atlyginimų vidurkis 2024]]*_20250609_reklama_data[[#This Row],[Darbuotojai 2024]]*12 -> 1055592 | AY10: =(_20250609_reklama_data[[#This Row],[Apyvarta 2024]]-_20250609_reklama_data[[#This Row],[Atlyginimų sąnaudos 2024]])/_20250609_reklama_data[[#This Row],[Darbuotojai 2024]] -> 60815.741 | AZ10: 0.085276482 | BA10: 3100,24 | BB10: =_20250609_reklama_data[[#This Row],[Atlyginimų vidurkis 2025 04]]*_20250609_reklama_data[[#This Row],[Darbuotojai 2025 06 09]]*5 -> 387530 | BD10: 3492270 | BE10: 2865990 | BF10: -0.17933321 | BG10: 2310000 | BH10: -0.19399579 | BI10: 2365263 | BJ10: 0.023923377 | BK10: 3544704 | BL10: 0.4986511 | BM10: 2697617 | BN10: -0.23897256 | BO10: 181900 | BP10: 215262 | BQ10: 0.18340847 | BR10: 44571 | BS10: -0.79294534 | BT10: -8181 | BU10: -1.1835498 | BV10: 262086 | BW10: 33.035937 | BX10: 6319 | BY10: -0.97588959 | BZ10: https://rekvizitai.vz.lt/imone/astos_dizainas/ | CA10: https://www.facebook.com/truthLT/ | CB10: https://www.instagram.com/truth.agency/ | CC10: https://www.linkedin.com/company/truthlt/ | CD10: Žemiausia | CE10: 1997-03-14
A11: Ave Media, MB | B11: Ave Media Agentūra | J11: 304686507 | K11: LT100014809418 | L11: Ave Media, MB | M11: Taikos g. 95-80, LT-05200 Vilnius | N11: Vilnius | O11: info@avemedia.lt | Q11: 37069483826 | R11: \N | S11: \N | T11: \N | U11: \N | V11: \N | W11: \N | X11: \N | Y11: \N | Z11: \N | AA11: \N | AB11: \N | AD11: \N | AE11: #VALUE! | AF11: #VALUE! | AG11: \N | AH11: #VALUE! | AI11: #VALUE! | AJ11: \N | AK11: \N | AL11: #VALUE! | AM11: #VALUE! | AN11: \N | AO11: \N | AP11: #VALUE! | AQ11: #VALUE! | AR11: \N | AS11: \N | AT11: #VALUE! | AU11: #VALUE! | AV11: \N | AW11: \N | AX11: #VALUE! | AY11: #VALUE! | AZ11: \N | BA11: \N | BB11: #VALUE! | BC11: 217.05 | BD11: 38589 | BE11: 23608 | BF11: -0.39 | BG11: 42347 | BH11: 0.79 | BI11: 56054 | BJ11: 0.32 | BK11: 77893 | BL11: 0.39 | BM11: 86746 | BN11: 0.11 | BO11: 2266 | BP11: -31 | BQ11: -1.01 | BR11: 1180 | BS11: 39.06 | BT11: 2003 | BU11: 0.7 | BV11: -812 | BW11: -1.41 | BX11: 7310 | BY11: 10 | BZ11: https://rekvizitai.vz.lt/imone/ave_media/ | CA11: https://www.facebook.com/avemediaagency/ | CD11: Žema | CE11: Teisinis statusas neįregistruotas
A12: Be reklamos negerai, UAB | B12: Be reklamos negerai | C12: bereklamosnegerai.lt | D12: 731100 | E12: Reklamos agentūrų veikla | J12: 304933014 | K12: LT100011997316 | L12: Ateities rinkodara, UAB | M12: Latvių g. 15, 1 aukštas, LT-08123 Vilnius | N12: Vilnius | O12: info@bereklamosnegerai.lt | Q12: 37062177711 | R12: 2 | S12: 2 | T12: 0 | U12: 8 | V12: 3 | W12: 15 | X12: 0.875 | Y12: 15 | Z12: 0 | AA12: 18 | AB12: 0.2 | AC12: 17 | AD12: \N | AE12: \N | AF12: \N | AG12: \N | AH12: \N | AI12: \N | AJ12: \N | AK12: 1201 | AL12: =_20250609_reklama_data[[#This Row],[Atlyginimų vidurkis 2021]]*_20250609_reklama_data[[#This Row],[Darbuotojai 2021]]*12 -> 115296 | AM12: =(_20250609_reklama_data[[#This Row],[Apyvarta 2021]]-_20250609_reklama_data[[#This Row],[Atlyginimų sąnaudos 2021]])/_20250609_reklama_data[[#This Row],[Darbuotojai 2021]] -> 44375.5 | AN12: \N | AO12: 1353 | AP12: =_20250609_reklama_data[[#This Row],[Atlyginimų vidurkis 2022]]*_20250609_reklama_data[[#This Row],[Darbuotojai 2022]]*12 -> 243540 | AQ12: =(_20250609_reklama_data[[#This Row],[Apyvarta 2022]]-_20250609_reklama_data[[#This Row],[Atlyginimų sąnaudos 2022]])/_20250609_reklama_data[[#This Row],[Darbuotojai 2022]] -> 32674.2 | AR12: 0.1265612 | AS12: 1957 | AT12: =_20250609_reklama_data[[#This Row],[Atlyginimų vidurkis 2023]]*_20250609_reklama_data[[#This Row],[Darbuotojai 2023]]*12 -> 352260 | AU12: =(_20250609_reklama_data[[#This Row],[Apyvarta 2023]]-_20250609_reklama_data[[#This Row],[Atlyginimų sąnaudos 2023]])/_20250609_reklama_data[[#This Row],[Darbuotojai 2023]] -> 43150.267 | AV12: 0.44641537 | AW12: 2075 | AX12: =_20250609_reklama_data[[#This Row],[Atlyginimų vidurkis 2024]]*_20250609_reklama_data[[#This Row],[Darbuotojai 2024]]*12 -> 448200 | AY12: =(_20250609_reklama_data[[#This Row],[Apyvarta 2024]]-_20250609_reklama_data[[#This Row],[Atlyginimų sąnaudos 2024]])/_20250609_reklama_data[[#This Row],[Darbuotojai 2024]] -> 22534.556 | AZ12: 0.060296372 | BA12: 2326,87 | BB12: =_20250609_reklama_data[[#This Row],[Atlyginimų vidurkis 2025 04]]*_20250609_reklama_data[[#This Row],[Darbuotojai 2025 06 09]]*5 -> 197783.95 | BD12: 52181 | BE12: 120421 | BF12: 1.3077557 | BG12: 470300 | BH12: 2.905465 | BI12: 733653 | BJ12: 0.55996811 | BK12: 999514 | BL12: 0.36237976 | BM12: 853822 | BN12: -0.14576284 | BO12: -6006 | BP12: 44975 | BQ12: 8.488345 | BR12: 47893 | BS12: 0.064880489 | BT12: 27646 | BU12: -0.42275489 | BV12: -18442 | BW12: -1.6670766 | BX12: -94467 | BY12: -4.1223837 | BZ12: https://rekvizitai.vz.lt/imone/ateities_rinkodara/ | CA12: https://www.facebook.com/bereklamosnegerai.lt/ | CB12: https://www.instagram.com/be_reklamos_negerai/ | CC12: https://www.linkedin.com/company/be-reklamos-negerai | CD12: Aukšta | CE12: 2018-10-12
A13: Bemedija, UAB | B13: BeeMarketing | C13: beemarketing.lt | D13: 631100 | E13: Duomenų apdorojimo, interneto serverių paslaugų (prieglobos) ir susijusi veikla | J13: 303139606 | K13: LT100008006417 | L13: Bemedija, UAB | M13: K. Baršausko g. 80-17, Kaunas | N13: Kaunas | O13: info@beemarketing.lt | P13: - | R13: 6 | S13: 3 | T13: -0.5 | U13: 1 | V13: -0.66666667 | W13: 1 | X13: 0 | Y13: 1 | Z13: 0 | AA13: 1 | AB13: 0 | AC13: 1 | AD13: 1039 | AE13: =_20250609_reklama_data[[#This Row],[Atlyginimų vidurkis 2019]]*_20250609_reklama_data[[#This Row],[Darbuotojai 2019]]*12 -> 74808 | AF13: =(_20250609_reklama_data[[#This Row],[Apyvarta 2019]]-_20250609_reklama_data[[#This Row],[Atlyginimų sąnaudos 2019]])/_20250609_reklama_data[[#This Row],[Darbuotojai 2019]] -> 9914.1667 | AG13: 1263 | AH13: =_20250609_reklama_data[[#This Row],[Atlyginimų vidurkis 2020]]*_20250609_reklama_data[[#This Row],[Darbuotojai 2020]]*12 -> 45468 | AI13: =(_20250609_reklama_data[[#This Row],[Apyvarta 2020]]-_20250609_reklama_data[[#This Row],[Atlyginimų sąnaudos 2020]])/_20250609_reklama_data[[#This Row],[Darbuotojai 2020]] -> 83859 | AJ13: 0.21559192 | AK13: \N | AL13: \N | AM13: \N | AN13: \N | AO13: \N | AP13: \N | AQ13: \N | AR13: \N | AS13: \N | AT13: \N | AU13: \N | AV13: \N | AW13: \N | AX13: \N | AY13: \N | AZ13: \N | BA13: \N | BB13: \N | BC13: 0.41 | BD13: 134293 | BE13: 297045 | BF13: 1.2119172 | BG13: 924135 | BH13: 2.1110943 | BI13: 702426 | BJ13: -0.23990975 | BK13: 682575 | BL13: -0.028260628 | BN13: \N | BO13: -15104 | BP13: 23971 | BQ13: 2.587063 | BR13: 176024 | BS13: 6.3432064 | BT13: 75777 | BU13: -0.56950757 | BV13: 66010 | BW13: -0.12889135 | BY13: \N | BZ13: https://rekvizitai.vz.lt/imone/bemedija/ | CA13: https://www.facebook.com/BeeMarketing-1479918332311500/ | CB13: https://www.instagram.com/beemarketing.lt/ | CC13: https://www.linkedin.com/company/bee-marketing/ | CD13: Žema | CE13: 2013-09-12
A14: Berta and, UAB | B14: Berta&Agency | J14: 300613091 | K14: LT100002986019 | L14: UAB "Berta And" | M14: Traidenio g. 6-1, LT-08119 Vilnius | N14: Vilnius | O14: hello@berta.lt | P14: +370 5 2154964 | R14: 33 | S14: 21 | T14: -0.36 | U14: 22 | V14: 0.05 | W14: 23 | X14: 0.05 | Y14: 18 | Z14: -0.22 | AA14: 19 | AB14: 0.06 | AC14: 15 | AD14: 1914 | AE14: 63162 | AF14: 91553.697 | AG14: 2264 | AH14: 47544 | AI14: 57214.571 | AJ14: 0.18 | AK14: 2355 | AL14: 51810 | AM14: 60126.045 | AN14: 0.04 | AO14: 2689 | AP14: 61847 | AQ14: 61127.522 | AR14: 0.14 | AS14: 2843 | AT14: 51174 | AU14: 89286.722 | AV14: 0.06 | AW14: 2886 | AX14: 54834 | AY14: 77470.263 | AZ14: 0.02 | BA14: 2732 | BB14: 40980 | BD14: 3084434 | BE14: 1249050 | BF14: -0.6 | BG14: 1374583 | BH14: 0.1 | BI14: 1467780 | BJ14: 0.07 | BK14: 1658335 | BL14: 0.13 | BM14: 1526769 | BN14: -0.08 | BO14: 49896 | BP14: -69262 | BQ14: -2.39 | BR14: 3424 | BS14: 1.05 | BT14: 423 | BU14: -0.88 | BV14: 1489 | BW14: 2.52 | BX14: -47780 | BY14: -33.09 | BZ14: https://rekvizitai.vz.lt/imone/berta_and/ | CA14: https://www.facebook.com/bertaandagency | CB14: https://www.instagram.com/berta_and_agency/ | CC14: https://www.linkedin.com/company/berta-and-agency | CD14: Žemiausia | CE14: Teisinis statusas neįregistruotas
A15: Bosanova, UAB | B15: Bosanova | J15: 302448012 | K15: LT100005009115 | L15: UAB "BOSANOVA" | M15: Raugyklos g. 3-10, LT-01140 Vilnius | N15: Vilnius | O15: info@bosanova.lt | Q15: 37065532204 | R15: 7 | S15: 6 | T15: -0.14 | U15: 8 | V15: 0.33 | W15: 9 | X15: 0.13 | Y15: 11 | Z15: 0.22 | AA15: 11 | AB15: 0 | AC15: 11 | AD15: 1744 | AE15: 12208 | AF15: 31342.571 | AG15: 1741 | AH15: 10446 | AI15: 69915.5 | AJ15: 0 | AK15: 2459 | AL15: 19672 | AM15: 75142.625 | AN15: 0.41 | AO15: 2996 | AP15: 26964 | AQ15: 99531.889 | AR15: 0.22 | AS15: 3036 | AT15: 33396 | AU15: 89534.545 | AV15: 0.01 | AW15: 3512 | AX15: 38632 | AY15: 138897.73 | AZ15: 0.16 | BA15: 3778 | BB15: 41558 | BD15: 231606 | BE15: 429939 | BF15: 0.86 | BG15: 620813 | BH15: 0.44 | BI15: 922751 | BJ15: 0.49 | BK15: 1018276 | BL15: 0.1 | BM15: 1566507 | BN15: 0.54 | BO15: -57134 | BP15: 104436 | BQ15: 2.83 | BR15: 97262 | BS15: -0.07 | BT15: -22601 | BU15: -1.23 | BV15: 63393 | BW15: 3.8 | BX15: 103845 | BY15: 0.64 | BZ15: https://rekvizitai.vz.lt/imone/uab_bosanova/ | CA15: https://www.facebook.com/komunikacijos.agentura.bosanova | CD15: Žemiausia | CE15: Teisinis statusas neįregistruotas
A16: BPN LT, UAB | B16: BPN | C16: bpn.lt | D16: 731100 | E16: Media | J16: 304067387 | K16: LT100009681219 | L16: BPN LT, UAB | M16: Antano Tumėno g. 6, Vilnius | N16: Vilnius | O16: info@bpnlt.com | Q16: 37063153386 | R16: 28 | S16: 27 | T16: -0.035714286 | U16: 32 | V16: 0.18518519 | W16: 37 | X16: 0.15625 | Y16: 38 | Z16: 0.027027027 | AA16: 46 | AB16: 0.21052632 | AC16: 40 | AD16: 2172 | AE16: =_20250609_reklama_data[[#This Row],[Atlyginimų vidurkis 2019]]*_20250609_reklama_data[[#This Row],[Darbuotojai 2019]]*12 -> 729792 | AF16: =(_20250609_reklama_data[[#This Row],[Apyvarta 2019]]-_20250609_reklama_data[[#This Row],[Atlyginimų sąnaudos 2019]])/_20250609_reklama_data[[#This Row],[Darbuotojai 2019]] -> 414071.57 | AG16: 2392 | AH16: =_20250609_reklama_data[[#This Row],[Atlyginimų vidurkis 2020]]*_20250609_reklama_data[[#This Row],[Darbuotojai 2020]]*12 -> 775008 | AI16: =(_20250609_reklama_data[[#This Row],[Apyvarta 2020]]-_20250609_reklama_data[[#This Row],[Atlyginimų sąnaudos 2020]])/_20250609_reklama_data[[#This Row],[Darbuotojai 2020]] -> 431920.37 | AJ16: 0.10128913 | AK16: 2540 | AL16: =_20250609_reklama_data[[#This Row],[Atlyginimų vidurkis 2021]]*_20250609_reklama_data[[#This Row],[Darbuotojai 2021]]*12 -> 975360 | AM16: =(_20250609_reklama_data[[#This Row],[Apyvarta 2021]]-_20250609_reklama_data[[#This Row],[Atlyginimų sąnaudos 2021]])/_20250609_reklama_data[[#This Row],[Darbuotojai 2021]] -> 493778.16 | AN16: 0.06187291 | AO16: 2999 | AP16: =_20250609_reklama_data[[#This Row],[Atlyginimų vidurkis 2022]]*_20250609_reklama_data[[#This Row],[Darbuotojai 2022]]*12 -> 1331556 | AQ16: =(_20250609_reklama_data[[#This Row],[Apyvarta 2022]]-_20250609_reklama_data[[#This Row],[Atlyginimų sąnaudos 2022]])/_20250609_reklama_data[[#This Row],[Darbuotojai 2022]] -> 537656.14 | AR16: 0.18070866 | AS16: 3216 | AT16: =_20250609_reklama_data[[#This Row],[Atlyginimų vidurkis 2023]]*_20250609_reklama_data[[#This Row],[Darbuotojai 2023]]*12 -> 1466496 | AU16: =(_20250609_reklama_data[[#This Row],[Apyvarta 2023]]-_20250609_reklama_data[[#This Row],[Atlyginimų sąnaudos 2023]])/_20250609_reklama_data[[#This Row],[Darbuotojai 2023]] -> 640666.92 | AV16: 0.072357452 | AW16: 3398 | AX16: =_20250609_reklama_data[[#This Row],[Atlyginimų vidurkis 2024]]*_20250609_reklama_data[[#This Row],[Darbuotojai 2024]]*12 -> 1875696 | AY16: =(_20250609_reklama_data[[#This Row],[Apyvarta 2024]]-_20250609_reklama_data[[#This Row],[Atlyginimų sąnaudos 2024]])/_20250609_reklama_data[[#This Row],[Darbuotojai 2024]] -> -40776 | AZ16: 0.05659204 | BA16: 3452,05 | BB16: =_20250609_reklama_data[[#This Row],[Atlyginimų vidurkis 2025 04]]*_20250609_reklama_data[[#This Row],[Darbuotojai 2025 06 09]]*5 -> 690410 | BD16: 12323796 | BE16: 12436858 | BF16: 0.0091742836 | BG16: 16776261 | BH16: 0.34891473 | BI16: 21224833 | BJ16: 0.26517065 | BK16: 25811839 | BL16: 0.21611506 | BN16: \N | BO16: 271504 | BP16: 250157 | BQ16: -0.078624993 | BR16: 416821 | BS16: 0.6662376 | BT16: 425795 | BU16: 0.021529625 | BV16: 405824 | BW16: -0.046902852 | BY16: \N | BZ16: https://rekvizitai.vz.lt/imone/bpn_lt/ | CC16: https://www.linkedin.com/company/bpn-lt/ | CD16: Žemiausia | CE16: 2015-07-07
A17: Ciklopas, UAB | B17: Cyclopes | J17: 300013463 | K17: LT100000949316 | L17: UAB "Ciklopas" | M17: Dariaus ir Girėno g. 42-201, LT-02189 Vilnius | N17: Vilnius | O17: info@ciklopas.com | Q17: 37068604218 | R17: 6 | S17: 6 | T17: 0 | U17: 7 | V17: 0.17 | W17: 7 | X17: 0 | Y17: 7 | Z17: 0 | AA17: 7 | AB17: 0 | AC17: 9 | AD17: 1347 | AE17: 8082 | AF17: 151933.17 | AG17: 1849 | AH17: 11094 | AI17: 157688.67 | AJ17: 0.37 | AK17: 1704 | AL17: 11928 | AM17: 218292.57 | AN17: -0.08 | AO17: 1886 | AP17: 13202 | AQ17: 167679.29 | AR17: 0.11 | AS17: 2051 | AT17: 14357 | AU17: 150733.71 | AV17: 0.09 | AW17: 2167 | AX17: 15169 | AY17: 119055.43 | AZ17: 0.06 | BA17: 2561 | BB17: 23049 | BD17: 919681 | BE17: 957226 | BF17: 0.04 | BG17: 1539976 | BH17: 0.61 | BI17: 1186957 | BJ17: -0.23 | BK17: 1069493 | BL17: -0.1 | BM17: 848557 | BN17: -0.21 | BO17: 34825 | BP17: 37773 | BQ17: 0.08 | BR17: 46408 | BS17: 0.23 | BT17: 48406 | BU17: 0.04 | BV17: 60954 | BW17: 0.26 | BX17: 40206 | BY17: -0.34 | BZ17: https://rekvizitai.vz.lt/imone/uab_ciklopas_fotografijos_studija/ | CD17: Žemiausia | CE17: Teisinis statusas neįregistruotas
A18: co:agency, UAB | B18: co:agency | C18: coagency.lt | D18: 702200 | G18: PR | J18: 300078393 | K18: LT100001552013 | L18: coagency, UAB | M18: Paupio g. 50-136, LT-11341 Vilnius | N18: Vilnius | O18: info@coagency.lt | Q18: 37065559478 | R18: 21 | S18: 21 | T18: 0 | U18: 26 | V18: 0.23809524 | W18: 27 | X18: 0.038461538 | Y18: 26 | Z18: -0.037037037 | AA18: 24 | AB18: -0.076923077 | AC18: 33 | AD18: 1975 | AE18: =_20250609_reklama_data[[#This Row],[Atlyginimų vidurkis 2019]]*_20250609_reklama_data[[#This Row],[Darbuotojai 2019]]*12 -> 497700 | AF18: =(_20250609_reklama_data[[#This Row],[Apyvarta 2019]]-_20250609_reklama_data[[#This Row],[Atlyginimų sąnaudos 2019]])/_20250609_reklama_data[[#This Row],[Darbuotojai 2019]] -> 113601.52 | AG18: 1912 | AH18: =_20250609_reklama_data[[#This Row],[Atlyginimų vidurkis 2020]]*_20250609_reklama_data[[#This Row],[Darbuotojai 2020]]*12 -> 481824 | AI18: =(_20250609_reklama_data[[#This Row],[Apyvarta 2020]]-_20250609_reklama_data[[#This Row],[Atlyginimų sąnaudos 2020]])/_20250609_reklama_data[[#This Row],[Darbuotojai 2020]] -> 104891.14 | AJ18: -0.031898734 | AK18: 2050 | AL18: =_20250609_reklama_data[[#This Row],[Atlyginimų vidurkis 2021]]*_20250609_reklama_data[[#This Row],[Darbuotojai 2021]]*12 -> 639600 | AM18: =(_20250609_reklama_data[[#This Row],[Apyvarta 2021]]-_20250609_reklama_data[[#This Row],[Atlyginimų sąnaudos 2021]])/_20250609_reklama_data[[#This Row],[Darbuotojai 2021]] -> 102087.5 | AN18: 0.072175732 | AO18: 2306 | AP18: =_20250609_reklama_data[[#This Row],[Atlyginimų vidurkis 2022]]*_20250609_reklama_data[[#This Row],[Darbuotojai 2022]]*12 -> 747144 | AQ18: =(_20250609_reklama_data[[#This Row],[Apyvarta 2022]]-_20250609_reklama_data[[#This Row],[Atlyginimų sąnaudos 2022]])/_20250609_reklama_data[[#This Row],[Darbuotojai 2022]] -> 103042.48 | AR18: 0.12487805 | AS18: 2557 | AT18: =_20250609_reklama_data[[#This Row],[Atlyginimų vidurkis 2023]]*_20250609_reklama_data[[#This Row],[Darbuotojai 2023]]*12 -> 797784 | AU18: =(_20250609_reklama_data[[#This Row],[Apyvarta 2023]]-_20250609_reklama_data[[#This Row],[Atlyginimų sąnaudos 2023]])/_20250609_reklama_data[[#This Row],[Darbuotojai 2023]] -> 128891.88 | AV18: 0.10884649 | AW18: 2745 | AX18: =_20250609_reklama_data[[#This Row],[Atlyginimų vidurkis 2024]]*_20250609_reklama_data[[#This Row],[Darbuotojai 2024]]*12 -> 790560 | AY18: =(_20250609_reklama_data[[#This Row],[Apyvarta 2024]]-_20250609_reklama_data[[#This Row],[Atlyginimų sąnaudos 2024]])/_20250609_reklama_data[[#This Row],[Darbuotojai 2024]] -> 107678 | AZ18: 0.073523661 | BA18: 2984,40 | BB18: =_20250609_reklama_data[[#This Row],[Atlyginimų vidurkis 2025 04]]*_20250609_reklama_data[[#This Row],[Darbuotojai 2025 06 09]]*5 -> 492426 | BD18: 2883332 | BE18: 2684538 | BF18: -0.068945928 | BG18: 3293875 | BH18: 0.22698021 | BI18: 3529291 | BJ18: 0.071470836 | BK18: 4148973 | BL18: 0.17558257 | BM18: 3374832 | BN18: -0.18658617 | BO18: 94625 | BP18: 205039 | BQ18: 1.1668587 | BR18: 219463 | BS18: 0.070347592 | BT18: 281973 | BU18: 0.28483161 | BV18: 220705 | BW18: -0.21728322 | BX18: 281779 | BY18: 0.27672232 | BZ18: https://rekvizitai.vz.lt/imone/coagency/ | CA18: https://www.facebook.com/coagency.lt# | CC18: https://www.linkedin.com/company/coagencylt/ | CD18: Žemiausia | CE18: 2005-01-06
A19: Convo, UAB | B19: Convo | C19: convo.lt | D19: 731100 | E19: Reklamos agentūrų veikla | J19: 304754709 | K19: LT100011432219 | L19: Sėkmingi, UAB | M19: Putvinskio g. 62, LT-44211 Kaunas | N19: Kaunas | O19: hello@convo.lt | P19: +370 687 73251 | R19: 4 | S19: 6 | T19: 0.5 | U19: 8 | V19: 0.33333333 | W19: 10 | X19: 0.25 | Y19: 12 | Z19: 0.2 | AA19: 12 | AB19: 0 | AC19: 13 | AD19: 825 | AE19: =_20250609_reklama_data[[#This Row],[Atlyginimų vidurkis 2019]]*_20250609_reklama_data[[#This Row],[Darbuotojai 2019]]*12 -> 39600 | AF19: =(_20250609_reklama_data[[#This Row],[Apyvarta 2019]]-_20250609_reklama_data[[#This Row],[Atlyginimų sąnaudos 2019]])/_20250609_reklama_data[[#This Row],[Darbuotojai 2019]] -> 9227 | AG19: 915 | AH19: =_20250609_reklama_data[[#This Row],[Atlyginimų vidurkis 2020]]*_20250609_reklama_data[[#This Row],[Darbuotojai 2020]]*12 -> 65880 | AI19: =(_20250609_reklama_data[[#This Row],[Apyvarta 2020]]-_20250609_reklama_data[[#This Row],[Atlyginimų sąnaudos 2020]])/_20250609_reklama_data[[#This Row],[Darbuotojai 2020]] -> 7561.5 | AJ19: 0.10909091 | AK19: 1144 | AL19: =_20250609_reklama_data[[#This Row],[Atlyginimų vidurkis 2021]]*_20250609_reklama_data[[#This Row],[Darbuotojai 2021]]*12 -> 109824 | AM19: =(_20250609_reklama_data[[#This Row],[Apyvarta 2021]]-_20250609_reklama_data[[#This Row],[Atlyginimų sąnaudos 2021]])/_20250609_reklama_data[[#This Row],[Darbuotojai 2021]] -> 11992.75 | AN19: 0.25027322 | AO19: 1415 | AP19: =_20250609_reklama_data[[#This Row],[Atlyginimų vidurkis 2022]]*_20250609_reklama_data[[#This Row],[Darbuotojai 2022]]*12 -> 169800 | AQ19: =(_20250609_reklama_data[[#This Row],[Apyvarta 2022]]-_20250609_reklama_data[[#This Row],[Atlyginimų sąnaudos 2022]])/_20250609_reklama_data[[#This Row],[Darbuotojai 2022]] -> 20047.6 | AR19: 0.23688811 | AS19: 1933 | AT19: =_20250609_reklama_data[[#This Row],[Atlyginimų vidurkis 2023]]*_20250609_reklama_data[[#This Row],[Darbuotojai 2023]]*12 -> 278352 | AU19: =(_20250609_reklama_data[[#This Row],[Apyvarta 2023]]-_20250609_reklama_data[[#This Row],[Atlyginimų sąnaudos 2023]])/_20250609_reklama_data[[#This Row],[Darbuotojai 2023]] -> 21365.333 | AV19: 0.36607774 | AW19: 2028 | AX19: =_20250609_reklama_data[[#This Row],[Atlyginimų vidurkis 2024]]*_20250609_reklama_data[[#This Row],[Darbuotojai 2024]]*12 -> 292032 | AY19: =(_20250609_reklama_data[[#This Row],[Apyvarta 2024]]-_20250609_reklama_data[[#This Row],[Atlyginimų sąnaudos 2024]])/_20250609_reklama_data[[#This Row],[Darbuotojai 2024]] -> 18500.667 | AZ19: 0.049146405 | BA19: 2024,81 | BB19: =_20250609_reklama_data[[#This Row],[Atlyginimų vidurkis 2025 04]]*_20250609_reklama_data[[#This Row],[Darbuotojai 2025 06 09]]*5 -> 131612.65 | BD19: 76508 | BE19: 111249 | BF19: 0.45408323 | BG19: 205766 | BH19: 0.84959865 | BI19: 370276 | BJ19: 0.7995004 | BK19: 534736 | BL19: 0.44415517 | BM19: 514040 | BN19: -0.038703211 | BO19: -2709 | BP19: 0 | BQ19: 1 | BR19: 2662 | BS19: \N | BT19: 13356 | BU19: 4.0172802 | BV19: 51317 | BW19: 2.8422432 | BX19: 17322 | BY19: -0.66245104 | BZ19: https://rekvizitai.vz.lt/imone/sekmingi/ | CA19: https://www.facebook.com/agencyconvo | CB19: https://www.instagram.com/agencyconvo | CC19: https://www.linkedin.com/company/agencyconvo | CD19: Žemiausia | CE19: 2018-01-26
A20: Dansu, UAB | B20: Dansu | J20: 301732159 | K20: LT100004079413 | L20: UAB "DANSU" | M20: Kreivasis skg. 4-11, LT-01205 Vilnius | N20: Vilnius | O20: ilona@dansu.eu | Q20: 37069910586 | R20: 6 | S20: 5 | T20: -0.17 | U20: 5 | V20: 0 | W20: 5 | X20: 0 | Y20: 5 | Z20: 0 | AA20: 5 | AB20: 0 | AC20: 5 | AD20: 1883 | AE20: 11298 | AF20: 805337 | AG20: 1962 | AH20: 9810 | AI20: 985873 | AJ20: 0.04 | AK20: 1999 | AL20: 9995 | AM20: 817920.2 | AN20: 0.02 | AO20: 2050 | AP20: 10250 | AQ20: 666922.8 | AR20: 0.03 | AS20: 2129 | AT20: 10645 | AU20: 205342.2 | AV20: 0.04 | AW20: 2183 | AX20: 10915 | AY20: 1311084.4 | AZ20: 0.03 | BA20: 2462 | BB20: 12310 | BD20: 4843320 | BE20: 4939175 | BF20: 0.02 | BG20: 4099596 | BH20: -0.17 | BI20: 3344864 | BJ20: -0.18 | BK20: 1037356 | BL20: -0.69 | BM20: 6566337 | BN20: 5.33 | BO20: 451672 | BP20: 212424 | BQ20: -0.53 | BR20: 179729 | BS20: -0.15 | BT20: 45750 | BU20: -0.75 | BV20: -167494 | BW20: -4.66 | BX20: 364854 | BY20: 3.18 | BZ20: https://rekvizitai.vz.lt/imone/uab_dansu/ | CD20: Žemiausia | CE20: Teisinis statusas neįregistruotas
A21: Dear problem, UAB | B21: Dear problem | J21: 302651984 | K21: LT100006282619 | L21: Dear problem, UAB | M21: Manufaktūrų g. 6, LT-11342 Vilnius | N21: Vilnius | O21: agency@dearproblem.co | Q21: 37065233352 | R21: 8 | S21: 10 | T21: 0.25 | U21: 10 | V21: 0 | W21: 10 | X21: 0 | Y21: 9 | Z21: -0.1 | AA21: 9 | AB21: 0 | AC21: 8 | AD21: 1232 | AE21: 9856 | AF21: 34902.25 | AG21: 1483 | AH21: 14830 | AI21: 31209.2 | AJ21: 0.2 | AK21: 1725 | AL21: 17250 | AM21: 40519.9 | AN21: 0.16 | AO21: 1968 | AP21: 19680 | AQ21: 54960.8 | AR21: 0.14 | AS21: 2187 | AT21: 19683 | AU21: 58498.444 | AV21: 0.11 | AW21: 2149 | AX21: 19341 | AY21: 57020.333 | AZ21: -0.02 | BA21: 2192 | BB21: 17536 | BD21: 289074 | BE21: 326922 | BF21: 0.13 | BG21: 422449 | BH21: 0.29 | BI21: 569288 | BJ21: 0.35 | BK21: 546169 | BL21: -0.04 | BM21: 532524 | BN21: -0.02 | BO21: 48872 | BP21: 50256 | BQ21: 0.03 | BR21: 66118 | BS21: 0.32 | BT21: 4081 | BU21: -0.94 | BV21: 30482 | BW21: 6.47 | BX21: 19852 | BY21: -0.35 | BZ21: https://rekvizitai.vz.lt/imone/dear_problem/ | CA21: https://www.facebook.com/dear.problem.co | CB21: https://www.instagram.com/dear.problem.co | CC21: https://www.linkedin.com/company/dear-problem | CD21: Žemiausia | CE21: Teisinis statusas neįregistruotas
A22: Dentsu Lithuania, UAB | B22: Dentsu | C22: dentsu.lt | D22: 731100 | E22: Media | J22: 124216438 | K22: LT242164314 | L22: Dentsu Lithuania, UAB | M22: A. Goštauto g. 40B, LT-03163 Vilnius | N22: Vilnius | O22: info.lithuania@dentsu.com | P22: +370 5 2497241 | R22: 18 | S22: 18 | T22: 0 | U22: 19 | V22: 0.055555556 | W22: 63 | X22: 2.3157895 | Y22: 68 | Z22: 0.079365079 | AA22: 63 | AB22: -0.073529412 | AC22: 53 | AD22: 3220 | AE22: =_20250609_reklama_data[[#This Row],[Atlyginimų vidurkis 2019]]*_20250609_reklama_data[[#This Row],[Darbuotojai 2019]]*12 -> 695520 | AF22: =(_20250609_reklama_data[[#This Row],[Apyvarta 2019]]-_20250609_reklama_data[[#This Row],[Atlyginimų sąnaudos 2019]])/_20250609_reklama_data[[#This Row],[Darbuotojai 2019]] -> 455654.56 | AG22: 3348 | AH22: =_20250609_reklama_data[[#This Row],[Atlyginimų vidurkis 2020]]*_20250609_reklama_data[[#This Row],[Darbuotojai 2020]]*12 -> 723168 | AI22: =(_20250609_reklama_data[[#This Row],[Apyvarta 2020]]-_20250609_reklama_data[[#This Row],[Atlyginimų sąnaudos 2020]])/_20250609_reklama_data[[#This Row],[Darbuotojai 2020]] -> 451348.11 | AJ22: 0.039751553 | AK22: 3357 | AL22: =_20250609_reklama_data[[#This Row],[Atlyginimų vidurkis 2021]]*_20250609_reklama_data[[#This Row],[Darbuotojai 2021]]*12 -> 765396 | AM22: =(_20250609_reklama_data[[#This Row],[Apyvarta 2021]]-_20250609_reklama_data[[#This Row],[Atlyginimų sąnaudos 2021]])/_20250609_reklama_data[[#This Row],[Darbuotojai 2021]] -> 419226 | AN22: 0.002688172 | AO22: 3112 | AP22: =_20250609_reklama_data[[#This Row],[Atlyginimų vidurkis 2022]]*_20250609_reklama_data[[#This Row],[Darbuotojai 2022]]*12 -> 2352672 | AQ22: =(_20250609_reklama_data[[#This Row],[Apyvarta 2022]]-_20250609_reklama_data[[#This Row],[Atlyginimų sąnaudos 2022]])/_20250609_reklama_data[[#This Row],[Darbuotojai 2022]] -> 425815.92 | AR22: -0.072981829 | AS22: 3397 | AT22: =_20250609_reklama_data[[#This Row],[Atlyginimų vidurkis 2023]]*_20250609_reklama_data[[#This Row],[Darbuotojai 2023]]*12 -> 2771952 | AU22: =(_20250609_reklama_data[[#This Row],[Apyvarta 2023]]-_20250609_reklama_data[[#This Row],[Atlyginimų sąnaudos 2023]])/_20250609_reklama_data[[#This Row],[Darbuotojai 2023]] -> 422259.03 | AV22: 0.091580977 | AW22: 3711 | AX22: =_20250609_reklama_data[[#This Row],[Atlyginimų vidurkis 2024]]*_20250609_reklama_data[[#This Row],[Darbuotojai 2024]]*12 -> 2805516 | AY22: =(_20250609_reklama_data[[#This Row],[Apyvarta 2024]]-_20250609_reklama_data[[#This Row],[Atlyginimų sąnaudos 2024]])/_20250609_reklama_data[[#This Row],[Darbuotojai 2024]] -> 537036.43 | AZ22: 0.092434501 | BA22: 3723,40 | BB22: =_20250609_reklama_data[[#This Row],[Atlyginimų vidurkis 2025 04]]*_20250609_reklama_data[[#This Row],[Darbuotojai 2025 06 09]]*5 -> 986701 | BD22: 8897302 | BE22: 8847434 | BF22: -0.0056048452 | BG22: 8730690 | BH22: -0.013195238 | BI22: 29179075 | BJ22: 2.342127 | BK22: 31485566 | BL22: 0.079046063 | BM22: 36638811 | BN22: 0.16367008 | BO22: 160646 | BP22: 246272 | BQ22: 0.53301047 | BR22: 111387 | BS22: -0.54770741 | BT22: 395590 | BU22: 2.5514916 | BV22: 504281 | BW22: 0.27475669 | BX22: 1889619 | BY22: 2.7471549 | BZ22: https://rekvizitai.vz.lt/imone/dentsu_lithuania/ | CA22: https://www.facebook.com/Dentsu-Lithuania-111642568134310 | CC22: https://www.linkedin.com/company/dentsu-lithuania/?originalSubdomain=lt | CD22: Žemiausia | CE22: 1997-10-16
A23: Digital Matter, UAB | B23: Digital Matter | J23: 302653711 | K23: LT100006306115 | L23: UAB "Digital matter" | M23: Ukmergės g. 126, LT-08100 Vilnius | N23: Vilnius | O23: info@digitalmatter.ai | Q23: 37061830773 | R23: 14 | S23: 14 | T23: 0 | U23: 15 | V23: 0.07 | W23: 21 | X23: 0.4 | Y23: 25 | Z23: 0.19 | AA23: 23 | AB23: -0.08 | AC23: 21 | AD23: 1748 | AE23: 24472 | AF23: 292985.71 | AG23: 2064 | AH23: 28896 | AI23: 311684.93 | AJ23: 0.18 | AK23: 2302 | AL23: 34530 | AM23: 325384.33 | AN23: 0.12 | AO23: 2523 | AP23: 52983 | AQ23: 360254.67 | AR23: 0.1 | AS23: 2684 | AT23: 67100 | AU23: 197485.76 | AV23: 0.06 | AW23: 3002 | AX23: 69046 | AY23: 166278.52 | AZ23: 0.12 | BA23: 3300 | BB23: 69300 | BD23: 4126272 | BE23: 4392485 | BF23: 0.06 | BG23: 4915295 | BH23: 0.12 | BI23: 7618331 | BJ23: 0.55 | BK23: 5004244 | BL23: -0.34 | BM23: 3893452 | BN23: -0.22 | BO23: 227290 | BP23: 139097 | BQ23: -0.39 | BR23: 173096 | BS23: 0.24 | BT23: 257944 | BU23: 0.49 | BV23: 73670 | BW23: -0.71 | BX23: -215562 | BY23: -3.93 | BZ23: https://rekvizitai.vz.lt/imone/digital_matter/ | CA23: https://www.facebook.com/DigitalMatterGlobal | CB23: https://www.instagram.com/digital_matter/ | CC23: https://www.linkedin.com/company/digitalmatterai/ | CD23: Aukšta | CE23: Teisinis statusas neįregistruotas
A24: Digitfruition, UAB | B24: DigitFruition | C24: digitfruition.lt | D24: 731100 | E24: Reklamos agentūrų veikla | J24: 306279691 | L24: Digitfruition, MB | M24: Girulių g. 10, Vilnius | N24: Vilnius | O24: nojuslatvinskas@gmail.com | Q24: 37063372962 | R24: \N | S24: \N | T24: \N | U24: \N | V24: \N | W24: \N | X24: \N | Y24: \N | Z24: \N | AA24: \N | AB24: \N | AD24: \N | AE24: \N | AF24: \N | AG24: \N | AH24: \N | AI24: \N | AJ24: \N | AK24: \N | AL24: \N | AM24: \N | AN24: \N | AO24: \N | AP24: \N | AQ24: \N | AR24: \N | AS24: \N | AT24: \N | AU24: \N | AV24: \N | AW24: \N | AX24: \N | AY24: \N | AZ24: \N | BA24: \N | BB24: \N | BF24: \N | BH24: \N | BJ24: \N | BK24: 9309 | BL24: \N | BM24: 10169 | BN24: 0.092383715 | BQ24: \N | BS24: \N | BU24: \N | BV24: 2289 | BW24: \N | BX24: -14089 | BY24: -7.1550896 | BZ24: https://rekvizitai.vz.lt/imone/digitfruition/ | CB24: https://www.instagram.com/digitfruition/ | CC24: https://www.linkedin.com/in/nojuslatvinskas/ | CD24: Aukščiausia | CE24: 2023-03-23
A25: Du Dvylika, UAB | B25: Clinic212 | C25: clinic212.lt | D25: 731100 | F25: Kūryba | J25: 302535912 | K25: LT100005596915 | L25: Du Dvylika, UAB | M25: J. Jasinskio g. 14B-102, Vilnius | N25: Vilnius | O25: jolanta@clinic212.lt | P25: +370 687 25465 | Q25: 37069872889 | R25: 20 | S25: 18 | T25: -0.1 | U25: 19 | V25: 0.055555556 | W25: 22 | X25: 0.15789474 | Y25: 15 | Z25: -0.31818182 | AA25: 10 | AB25: -0.33333333 | AC25: 9 | AD25: 2654 | AE25: =_20250609_reklama_data[[#This Row],[Atlyginimų vidurkis 2019]]*_20250609_reklama_data[[#This Row],[Darbuotojai 2019]]*12 -> 636960 | AF25: =(_20250609_reklama_data[[#This Row],[Apyvarta 2019]]-_20250609_reklama_data[[#This Row],[Atlyginimų sąnaudos 2019]])/_20250609_reklama_data[[#This Row],[Darbuotojai 2019]] -> 56056.45 | AG25: 2194 | AH25: =_20250609_reklama_data[[#This Row],[Atlyginimų vidurkis 2020]]*_20250609_reklama_data[[#This Row],[Darbuotojai 2020]]*12 -> 473904 | AI25: =(_20250609_reklama_data[[#This Row],[Apyvarta 2020]]-_20250609_reklama_data[[#This Row],[Atlyginimų sąnaudos 2020]])/_20250609_reklama_data[[#This Row],[Darbuotojai 2020]] -> 28200.611 | AJ25: -0.17332329 | AK25: 2888 | AL25: =_20250609_reklama_data[[#This Row],[Atlyginimų vidurkis 2021]]*_20250609_reklama_data[[#This Row],[Darbuotojai 2021]]*12 -> 658464 | AM25: =(_20250609_reklama_data[[#This Row],[Apyvarta 2021]]-_20250609_reklama_data[[#This Row],[Atlyginimų sąnaudos 2021]])/_20250609_reklama_data[[#This Row],[Darbuotojai 2021]] -> 48175.421 | AN25: 0.31631723 | AO25: 2866 | AP25: =_20250609_reklama_data[[#This Row],[Atlyginimų vidurkis 2022]]*_20250609_reklama_data[[#This Row],[Darbuotojai 2022]]*12 -> 756624 | AQ25: =(_20250609_reklama_data[[#This Row],[Apyvarta 2022]]-_20250609_reklama_data[[#This Row],[Atlyginimų sąnaudos 2022]])/_20250609_reklama_data[[#This Row],[Darbuotojai 2022]] -> 29300.727 | AR25: -0.0076177285 | AS25: 3251 | AT25: =_20250609_reklama_data[[#This Row],[Atlyginimų vidurkis 2023]]*_20250609_reklama_data[[#This Row],[Darbuotojai 2023]]*12 -> 585180 | AU25: =(_20250609_reklama_data[[#This Row],[Apyvarta 2023]]-_20250609_reklama_data[[#This Row],[Atlyginimų sąnaudos 2023]])/_20250609_reklama_data[[#This Row],[Darbuotojai 2023]] -> 29253.6 | AV25: 0.13433357 | AW25: 3475 | AX25: =_20250609_reklama_data[[#This Row],[Atlyginimų vidurkis 2024]]*_20250609_reklama_data[[#This Row],[Darbuotojai 2024]]*12 -> 417000 | AY25: =(_20250609_reklama_data[[#This Row],[Apyvarta 2024]]-_20250609_reklama_data[[#This Row],[Atlyginimų sąnaudos 2024]])/_20250609_reklama_data[[#This Row],[Darbuotojai 2024]] -> 55380.9 | AZ25: 0.068901876 | BA25: 3781,30 | BB25: =_20250609_reklama_data[[#This Row],[Atlyginimų vidurkis 2025 04]]*_20250609_reklama_data[[#This Row],[Darbuotojai 2025 06 09]]*5 -> 170158.5 | BD25: 1758089 | BE25: 981515 | BF25: -0.44171484 | BG25: 1573797 | BH25: 0.60343652 | BI25: 1401240 | BJ25: -0.10964375 | BK25: 1023984 | BL25: -0.26923011 | BM25: 970809 | BN25: -0.051929522 | BO25: 2568 | BP25: -60714 | BQ25: -24.642523 | BR25: 89068 | BS25: 2.4670093 | BT25: 44835 | BU25: -0.49662056 | BV25: -237451 | BW25: -6.296108 | BX25: 45410 | BY25: 1.1912395 | BZ25: https://rekvizitai.vz.lt/imone/uab_du_dvylika/ | CA25: https://www.facebook.com/ClinicNews/ | CB25: https://www.instagram.com/clinic212/ | CD25: Vidutinė | CE25: 2010-08-11
A26: Efcom, UAB | B26: Efcom | C26: efcom.lt | D26: 702100 | E26: Viešųjų ryšių ir komunikacijos veikla | J26: 300132599 | K26: LT100004591818 | L26: EFCOM, UAB | M26: Ratnyčios g. 13, Kaunas | N26: Kaunas | O26: jurga@efcom.lt | Q26: 37065630386 | R26: 1 | S26: 2 | T26: 1 | U26: 1 | V26: -0.5 | W26: 1 | X26: 0 | Y26: 1 | Z26: 0 | AA26: 1 | AB26: 0 | AC26: 1 | AD26: \N | AE26: \N | AF26: \N | AG26: \N | AH26: \N | AI26: \N | AJ26: \N | AK26: \N | AL26: \N | AM26: \N | AN26: \N | AO26: \N | AP26: \N | AQ26: \N | AR26: \N | AS26: \N | AT26: \N | AU26: \N | AV26: \N | AW26: \N | AX26: \N | AY26: \N | AZ26: \N | BA26: \N | BB26: \N | BD26: 64811 | BE26: 17787 | BF26: -0.72555585 | BG26: 31519 | BH26: 0.77202451 | BI26: 36262 | BJ26: 0.15048066 | BK26: 25807 | BL26: -0.28831835 | BM26: 16127 | BN26: -0.37509203 | BO26: 5224 | BP26: -4123 | BQ26: -1.789242 | BR26: 11349 | BS26: 3.7526073 | BT26: -1098 | BU26: -1.0967486 | BV26: 1644 | BW26: 2.4972678 | BX26: -1197 | BY26: -1.7281022 | BZ26: https://rekvizitai.vz.lt/imone/efcom/ | CC26: https://www.linkedin.com/company/efcom/about/ | CD26: Žemiausia | CE26: 2005-07-25
A27: Enter Agency, UAB | B27: ENTER | C27: enteragency.lt | D27: 731100 | E27: Reklamos agentūrų veikla | J27: 304719793 | K27: LT100011325310 | L27: Enter Agency, UAB | M27: M. Valančiaus g. 1A-13, LT-03155 Vilnius | N27: Vilnius | O27: daumantas@enteragency.lt | Q27: 37068725465 | R27: 5 | S27: 5 | T27: 0 | U27: 7 | V27: 0.4 | W27: 6 | X27: -0.14285714 | Y27: 4 | Z27: -0.33333333 | AA27: 2 | AB27: -0.5 | AC27: 1 | AD27: 1415 | AE27: =_20250609_reklama_data[[#This Row],[Atlyginimų vidurkis 2019]]*_20250609_reklama_data[[#This Row],[Darbuotojai 2019]]*12 -> 84900 | AF27: =(_20250609_reklama_data[[#This Row],[Apyvarta 2019]]-_20250609_reklama_data[[#This Row],[Atlyginimų sąnaudos 2019]])/_20250609_reklama_data[[#This Row],[Darbuotojai 2019]] -> 22265.2 | AG27: 1096 | AH27: =_20250609_reklama_data[[#This Row],[Atlyginimų vidurkis 2020]]*_20250609_reklama_data[[#This Row],[Darbuotojai 2020]]*12 -> 65760 | AI27: =(_20250609_reklama_data[[#This Row],[Apyvarta 2020]]-_20250609_reklama_data[[#This Row],[Atlyginimų sąnaudos 2020]])/_20250609_reklama_data[[#This Row],[Darbuotojai 2020]] -> 6790.6 | AJ27: -0.2254417 | AK27: 1333 | AL27: =_20250609_reklama_data[[#This Row],[Atlyginimų vidurkis 2021]]*_20250609_reklama_data[[#This Row],[Darbuotojai 2021]]*12 -> 111972 | AM27: =(_20250609_reklama_data[[#This Row],[Apyvarta 2021]]-_20250609_reklama_data[[#This Row],[Atlyginimų sąnaudos 2021]])/_20250609_reklama_data[[#This Row],[Darbuotojai 2021]] -> 43481 | AN27: 0.21624088 | AO27: 1535 | AP27: =_20250609_reklama_data[[#This Row],[Atlyginimų vidurkis 2022]]*_20250609_reklama_data[[#This Row],[Darbuotojai 2022]]*12 -> 110520 | AQ27: =(_20250609_reklama_data[[#This Row],[Apyvarta 2022]]-_20250609_reklama_data[[#This Row],[Atlyginimų sąnaudos 2022]])/_20250609_reklama_data[[#This Row],[Darbuotojai 2022]] -> 25827.167 | AR27: 0.15153788 | AS27: 1735 | AT27: =_20250609_reklama_data[[#This Row],[Atlyginimų vidurkis 2023]]*_20250609_reklama_data[[#This Row],[Darbuotojai 2023]]*12 -> 83280 | AU27: =(_20250609_reklama_data[[#This Row],[Apyvarta 2023]]-_20250609_reklama_data[[#This Row],[Atlyginimų sąnaudos 2023]])/_20250609_reklama_data[[#This Row],[Darbuotojai 2023]] -> 28439.5 | AV27: 0.13029316 | AW27: \N | AX27: \N | AY27: \N | AZ27: \N | BA27: \N | BB27: \N | BD27: 196226 | BE27: 99713 | BF27: -0.49184614 | BG27: 416339 | BH27: 3.1753733 | BI27: 265483 | BJ27: -0.36233934 | BK27: 197038 | BL27: -0.25781312 | BM27: 46405 | BN27: -0.76448705 | BO27: 536 | BP27: -21167 | BQ27: -40.490672 | BR27: 8338 | BS27: 1.3939151 | BT27: 1474 | BU27: -0.823219 | BV27: 1478 | BW27: 0.0027137042 | BX27: -48434 | BY27: -33.769959 | BZ27: https://rekvizitai.vz.lt/imone/enter_agency/ | CA27: https://www.facebook.com/enterthedigital/ | CB27: https://www.instagram.com/enteragency/?hl=en | CD27: Aukščiausia | CE27: 2017-12-01
A28: Enternet, UAB | B28: Enternet | J28: 302686095 | K28: LT100006501510 | L28: UAB "EnterNet" | M28: Geležinio Vilko g. 18a, LT-08104 Vilnius | N28: Vilnius | O28: enternet@enternet.lt | Q28: 37069003000 | R28: 16 | S28: 18 | T28: 0.13 | U28: 20 | V28: 0.11 | W28: 19 | X28: -0.05 | Y28: 20 | Z28: 0.05 | AA28: 20 | AB28: 0 | AC28: 21 | AD28: 2280 | AE28: 36480 | AF28: 30926.562 | AG28: 2496 | AH28: 44928 | AI28: 33498.111 | AJ28: 0.09 | AK28: 2709 | AL28: 54180 | AM28: 36521 | AN28: 0.09 | AO28: 2958 | AP28: 56202 | AQ28: 40810.579 | AR28: 0.09 | AS28: 3278 | AT28: 65560 | AU28: 45304.05 | AV28: 0.11 | AW28: 3596 | AX28: 71920 | AY28: 51415.75 | AZ28: 0.1 | BA28: 3733 | BB28: 78393 | BD28: 531305 | BE28: 647894 | BF28: 0.22 | BG28: 784600 | BH28: 0.21 | BI28: 831603 | BJ28: 0.06 | BK28: 971641 | BL28: 0.17 | BM28: 1100235 | BN28: 0.13 | BO28: 23883 | BP28: 10392 | BQ28: -0.56 | BR28: 9400 | BS28: -0.1 | BT28: 5052 | BU28: -0.46 | BV28: 7010 | BW28: 0.39 | BX28: 7093 | BY28: 0.01 | BZ28: https://rekvizitai.vz.lt/imone/uab_enternet/ | CD28: Žemiausia | CE28: Teisinis statusas neįregistruotas
A29: Evo Media, UAB | B29: Evo media | J29: 302478991 | K29: LT100005184018 | L29: UAB "EVO MEDIA" | M29: Verkių g. 34A, LT-08221 Vilnius | N29: Vilnius | O29: info@evomedia.lt | Q29: 37067777012 | R29: 6 | S29: 6 | T29: 0 | U29: 8 | V29: 0.33 | W29: 9 | X29: 0.13 | Y29: 10 | Z29: 0.11 | AA29: 11 | AB29: 0.1 | AC29: 15 | AD29: 1432 | AE29: 8592 | AF29: 37827.833 | AG29: 1559 | AH29: 9354 | AI29: 54801.833 | AJ29: 0.09 | AK29: 1534 | AL29: 12272 | AM29: 46260.875 | AN29: -0.02 | AO29: 1663 | AP29: 14967 | AQ29: 36360.556 | AR29: 0.08 | AS29: 2037 | AT29: 20370 | AU29: 61391.9 | AV29: 0.22 | AW29: 2380 | AX29: 26180 | AY29: 62404.727 | AZ29: 0.17 | BA29: 2725 | BB29: 40875 | BD29: 235559 | BE29: 338165 | BF29: 0.44 | BG29: 382359 | BH29: 0.13 | BI29: 342212 | BJ29: -0.1 | BK29: 634289 | BL29: 0.85 | BM29: 712632 | BN29: 0.12 | BO29: 731 | BP29: 43465 | BQ29: 58.46 | BR29: 29979 | BS29: -0.31 | BT29: 777 | BU29: -0.97 | BV29: 52882 | BW29: 67.06 | BX29: 139519 | BY29: 1.64 | BZ29: https://rekvizitai.vz.lt/imone/uab_evo_media/ | CD29: Žemiausia | CE29: Teisinis statusas neįregistruotas
A30: Evolvery, UAB | B30: Evolvery | C30: evolvery.com | D30: 731100 | E30: Reklamos agentūrų veikla | J30: 302542497 | K30: LT100005657910 | L30: Evolvery, UAB | M30: Lvivo g. 21A, LT-09309 Vilnius | N30: Vilnius | O30: hello@evolvery.io | Q30: 37060999069 | R30: 29 | S30: 25 | T30: -0.13793103 | U30: 25 | V30: 0 | W30: 24 | X30: -0.04 | Y30: 19 | Z30: -0.20833333 | AA30: 19 | AB30: 0 | AC30: 22 | AD30: 1831 | AE30: =_20250609_reklama_data[[#This Row],[Atlyginimų vidurkis 2019]]*_20250609_reklama_data[[#This Row],[Darbuotojai 2019]]*12 -> 637188 | AF30: =(_20250609_reklama_data[[#This Row],[Apyvarta 2019]]-_20250609_reklama_data[[#This Row],[Atlyginimų sąnaudos 2019]])/_20250609_reklama_data[[#This Row],[Darbuotojai 2019]] -> 21945.966 | AG30: 2014 | AH30: =_20250609_reklama_data[[#This Row],[Atlyginimų vidurkis 2020]]*_20250609_reklama_data[[#This Row],[Darbuotojai 2020]]*12 -> 604200 | AI30: =(_20250609_reklama_data[[#This Row],[Apyvarta 2020]]-_20250609_reklama_data[[#This Row],[Atlyginimų sąnaudos 2020]])/_20250609_reklama_data[[#This Row],[Darbuotojai 2020]] -> 24940.92 | AJ30: 0.099945385 | AK30: 2475 | AL30: =_20250609_reklama_data[[#This Row],[Atlyginimų vidurkis 2021]]*_20250609_reklama_data[[#This Row],[Darbuotojai 2021]]*12 -> 742500 | AM30: =(_20250609_reklama_data[[#This Row],[Apyvarta 2021]]-_20250609_reklama_data[[#This Row],[Atlyginimų sąnaudos 2021]])/_20250609_reklama_data[[#This Row],[Darbuotojai 2021]] -> 35030.68 | AN30: 0.22889772 | AO30: 2602 | AP30: =_20250609_reklama_data[[#This Row],[Atlyginimų vidurkis 2022]]*_20250609_reklama_data[[#This Row],[Darbuotojai 2022]]*12 -> 749376 | AQ30: =(_20250609_reklama_data[[#This Row],[Apyvarta 2022]]-_20250609_reklama_data[[#This Row],[Atlyginimų sąnaudos 2022]])/_20250609_reklama_data[[#This Row],[Darbuotojai 2022]] -> 21531.75 | AR30: 0.051313131 | AS30: 2781 | AT30: =_20250609_reklama_data[[#This Row],[Atlyginimų vidurkis 2023]]*_20250609_reklama_data[[#This Row],[Darbuotojai 2023]]*12 -> 634068 | AU30: =(_20250609_reklama_data[[#This Row],[Apyvarta 2023]]-_20250609_reklama_data[[#This Row],[Atlyginimų sąnaudos 2023]])/_20250609_reklama_data[[#This Row],[Darbuotojai 2023]] -> 18669.632 | AV30: 0.068793236 | AW30: 3393 | AX30: =_20250609_reklama_data[[#This Row],[Atlyginimų vidurkis 2024]]*_20250609_reklama_data[[#This Row],[Darbuotojai 2024]]*12 -> 773604 | AY30: =(_20250609_reklama_data[[#This Row],[Apyvarta 2024]]-_20250609_reklama_data[[#This Row],[Atlyginimų sąnaudos 2024]])/_20250609_reklama_data[[#This Row],[Darbuotojai 2024]] -> -40716 | AZ30: 0.22006472 | BA30: 3050,89 | BB30: =_20250609_reklama_data[[#This Row],[Atlyginimų vidurkis 2025 04]]*_20250609_reklama_data[[#This Row],[Darbuotojai 2025 06 09]]*5 -> 335597.9 | BC30: 638.97 | BD30: 1273621 | BE30: 1227723 | BF30: -0.036037408 | BG30: 1618267 | BH30: 0.31810433 | BI30: 1266138 | BJ30: -0.21759635 | BK30: 988791 | BL30: -0.21904958 | BN30: \N | BO30: 14001 | BP30: 117770 | BQ30: 7.411542 | BR30: 33646 | BS30: -0.71430755 | BT30: 10305 | BU30: -0.69372288 | BV30: 74922 | BW30: 6.2704512 | BY30: \N | BZ30: https://rekvizitai.vz.lt/imone/evolvery/ | CA30: https://www.facebook.com/social.evolvery.io/ | CC30: https://www.linkedin.com/company/evolvery/ | CD30: Aukšta | CE30: 2010-09-03
A31: Expertmedia, UAB | B31: Expertmedia | C31: expertmedia.lt | D31: 731100 | E31: Reklamos agentūrų veikla | J31: 301536032 | K31: LT100010428215 | L31: RAKVA, UAB | M31: Šeškinės Sodų g. 12-51, Vilnius | N31: Vilnius | O31: zygimantas@expertmedia.lt | P31: +370 686 62078 | R31: 5 | S31: 9 | T31: 0.8 | U31: 11 | V31: 0.22222222 | W31: 13 | X31: 0.18181818 | Y31: 15 | Z31: 0.15384615 | AA31: 20 | AB31: 0.33333333 | AC31: 21 | AD31: 831 | AE31: =_20250609_reklama_data[[#This Row],[Atlyginimų vidurkis 2019]]*_20250609_reklama_data[[#This Row],[Darbuotojai 2019]]*12 -> 49860 | AF31: =(_20250609_reklama_data[[#This Row],[Apyvarta 2019]]-_20250609_reklama_data[[#This Row],[Atlyginimų sąnaudos 2019]])/_20250609_reklama_data[[#This Row],[Darbuotojai 2019]] -> 75943.6 | AG31: 1019 | AH31: =_20250609_reklama_data[[#This Row],[Atlyginimų vidurkis 2020]]*_20250609_reklama_data[[#This Row],[Darbuotojai 2020]]*12 -> 110052 | AI31: =(_20250609_reklama_data[[#This Row],[Apyvarta 2020]]-_20250609_reklama_data[[#This Row],[Atlyginimų sąnaudos 2020]])/_20250609_reklama_data[[#This Row],[Darbuotojai 2020]] -> 35940.444 | AJ31: 0.22623345 | AK31: 1264 | AL31: =_20250609_reklama_data[[#This Row],[Atlyginimų vidurkis 2021]]*_20250609_reklama_data[[#This Row],[Darbuotojai 2021]]*12 -> 166848 | AM31: =(_20250609_reklama_data[[#This Row],[Apyvarta 2021]]-_20250609_reklama_data[[#This Row],[Atlyginimų sąnaudos 2021]])/_20250609_reklama_data[[#This Row],[Darbuotojai 2021]] -> 50983.909 | AN31: 0.2404318 | AO31: 1660 | AP31: =_20250609_reklama_data[[#This Row],[Atlyginimų vidurkis 2022]]*_20250609_reklama_data[[#This Row],[Darbuotojai 2022]]*12 -> 258960 | AQ31: =(_20250609_reklama_data[[#This Row],[Apyvarta 2022]]-_20250609_reklama_data[[#This Row],[Atlyginimų sąnaudos 2022]])/_20250609_reklama_data[[#This Row],[Darbuotojai 2022]] -> 62004.077 | AR31: 0.31329114 | AS31: 1792 | AT31: =_20250609_reklama_data[[#This Row],[Atlyginimų vidurkis 2023]]*_20250609_reklama_data[[#This Row],[Darbuotojai 2023]]*12 -> 322560 | AU31: =(_20250609_reklama_data[[#This Row],[Apyvarta 2023]]-_20250609_reklama_data[[#This Row],[Atlyginimų sąnaudos 2023]])/_20250609_reklama_data[[#This Row],[Darbuotojai 2023]] -> 66904.4 | AV31: 0.079518072 | AW31: 2026 | AX31: =_20250609_reklama_data[[#This Row],[Atlyginimų vidurkis 2024]]*_20250609_reklama_data[[#This Row],[Darbuotojai 2024]]*12 -> 486240 | AY31: =(_20250609_reklama_data[[#This Row],[Apyvarta 2024]]-_20250609_reklama_data[[#This Row],[Atlyginimų sąnaudos 2024]])/_20250609_reklama_data[[#This Row],[Darbuotojai 2024]] -> 66000.85 | AZ31: 0.13058036 | BA31: 1966,87 | BB31: =_20250609_reklama_data[[#This Row],[Atlyginimų vidurkis 2025 04]]*_20250609_reklama_data[[#This Row],[Darbuotojai 2025 06 09]]*5 -> 206521.35 | BD31: 429578 | BE31: 433516 | BF31: 0.0091671361 | BG31: 727671 | BH31: 0.6785332 | BI31: 1065013 | BJ31: 0.46359138 | BK31: 1326126 | BL31: 0.24517353 | BM31: 1806257 | BN31: 0.36205534 | BO31: 176490 | BP31: 142713 | BQ31: -0.19138195 | BR31: 263114 | BS31: 0.84365825 | BT31: 270828 | BU31: 0.02931809 | BV31: 264019 | BW31: -0.025141418 | BX31: 354039 | BY31: 0.34096031 | BZ31: https://rekvizitai.vz.lt/imone/uab_rakva/ | CA31: https://www.facebook.com/expertmedia.lt | CB31: https://www.instagram.com/expertmedia.marketing/ | CC31: https://www.linkedin.com/company/expertmedia-lietuva | CD31: Žema | CE31: 2008-02-04
A32: Fabula ir partneriai, UAB | B32: Fabula | C32: fabula.lt | D32: 702100 | F32: Kūryba | G32: PR | H32: Digital media | I32: PA | J32: 124099127 | K32: LT240991219 | L32: Fabula ir partneriai, UAB | M32: Gedimino pr. 10-5, Vilnius | N32: Vilnius | O32: info@fabula.lt | Q32: 37065631548 | R32: 37 | S32: 34 | T32: -0.081081081 | U32: 40 | V32: 0.17647059 | W32: 40 | X32: 0 | Y32: 42 | Z32: 0.05 | AA32: 44 | AB32: 0.047619048 | AC32: 39 | AD32: 2524 | AE32: =_20250609_reklama_data[[#This Row],[Atlyginimų vidurkis 2019]]*_20250609_reklama_data[[#This Row],[Darbuotojai 2019]]*12 -> 1120656 | AF32: =(_20250609_reklama_data[[#This Row],[Apyvarta 2019]]-_20250609_reklama_data[[#This Row],[Atlyginimų sąnaudos 2019]])/_20250609_reklama_data[[#This Row],[Darbuotojai 2019]] -> 45090.189 | AG32: 2480 | AH32: =_20250609_reklama_data[[#This Row],[Atlyginimų vidurkis 2020]]*_20250609_reklama_data[[#This Row],[Darbuotojai 2020]]*12 -> 1011840 | AI32: =(_20250609_reklama_data[[#This Row],[Apyvarta 2020]]-_20250609_reklama_data[[#This Row],[Atlyginimų sąnaudos 2020]])/_20250609_reklama_data[[#This Row],[Darbuotojai 2020]] -> 45411.029 | AJ32: -0.017432647 | AK32: 2666 | AL32: =_20250609_reklama_data[[#This Row],[Atlyginimų vidurkis 2021]]*_20250609_reklama_data[[#This Row],[Darbuotojai 2021]]*12 -> 1279680 | AM32: =(_20250609_reklama_data[[#This Row],[Apyvarta 2021]]-_20250609_reklama_data[[#This Row],[Atlyginimų sąnaudos 2021]])/_20250609_reklama_data[[#This Row],[Darbuotojai 2021]] -> 55570.475 | AN32: 0.075 | AO32: 2813 | AP32: =_20250609_reklama_data[[#This Row],[Atlyginimų vidurkis 2022]]*_20250609_reklama_data[[#This Row],[Darbuotojai 2022]]*12 -> 1350240 | AQ32: =(_20250609_reklama_data[[#This Row],[Apyvarta 2022]]-_20250609_reklama_data[[#This Row],[Atlyginimų sąnaudos 2022]])/_20250609_reklama_data[[#This Row],[Darbuotojai 2022]] -> 64668.35 | AR32: 0.055138785 | AS32: 3112 | AT32: =_20250609_reklama_data[[#This Row],[Atlyginimų vidurkis 2023]]*_20250609_reklama_data[[#This Row],[Darbuotojai 2023]]*12 -> 1568448 | AU32: =(_20250609_reklama_data[[#This Row],[Apyvarta 2023]]-_20250609_reklama_data[[#This Row],[Atlyginimų sąnaudos 2023]])/_20250609_reklama_data[[#This Row],[Darbuotojai 2023]] -> 70221.119 | AV32: 0.10629221 | AW32: 3463 | AX32: =_20250609_reklama_data[[#This Row],[Atlyginimų vidurkis 2024]]*_20250609_reklama_data[[#This Row],[Darbuotojai 2024]]*12 -> 1828464 | AY32: =(_20250609_reklama_data[[#This Row],[Apyvarta 2024]]-_20250609_reklama_data[[#This Row],[Atlyginimų sąnaudos 2024]])/_20250609_reklama_data[[#This Row],[Darbuotojai 2024]] -> 77344.5 | AZ32: 0.1127892 | BA32: 3525,44 | BB32: =_20250609_reklama_data[[#This Row],[Atlyginimų vidurkis 2025 04]]*_20250609_reklama_data[[#This Row],[Darbuotojai 2025 06 09]]*5 -> 687460.8 | BD32: 2788993 | BE32: 2555815 | BF32: -0.08360652 | BG32: 3502499 | BH32: 0.37040396 | BI32: 3936974 | BJ32: 0.12404714 | BK32: 4517735 | BL32: 0.14751456 | BM32: 5231622 | BN32: 0.15801879 | BO32: 193716 | BP32: 246631 | BQ32: 0.27315761 | BR32: 294912 | BS32: 0.19576209 | BT32: 269786 | BU32: -0.085198296 | BV32: 316849 | BW32: 0.17444567 | BX32: 329162 | BY32: 0.038860782 | BZ32: https://rekvizitai.vz.lt/imone/viesuju_rysiu_partneriai/ | CA32: https://www.facebook.com/fabularudpedersengroup | CB32: https://www.instagram.com/fabula_rpg | CC32: https://www.linkedin.com/company/fabula-rud-pedersen-group/ | CD32: Žemiausia | CE32: 1997-07-03
A33: FAD, UAB | B33: FAD | C33: fad.lt | D33: 731100 | E33: Reklamos agentūrų veikla | J33: 304788355 | K33: LT100012892910 | L33: Reklamos ateitis, MB | M33: J. Žemgulio g. 46, LT-35239 Panevėžys | N33: Panevėžys | O33: tomas@fad.lt | P33: +370 636 63387 | R33: \N | S33: \N | T33: \N | U33: \N | V33: \N | W33: \N | X33: \N | Y33: \N | Z33: \N | AA33: \N | AB33: \N | AD33: \N | AE33: \N | AF33: \N | AG33: \N | AH33: \N | AI33: \N | AJ33: \N | AK33: \N | AL33: \N | AM33: \N | AN33: \N | AO33: \N | AP33: \N | AQ33: \N | AR33: \N | AS33: \N | AT33: \N | AU33: \N | AV33: \N | AW33: \N | AX33: \N | AY33: \N | AZ33: \N | BA33: \N | BB33: \N | BD33: 43550 | BE33: 41989 | BF33: -0.035843858 | BG33: 96352 | BH33: 1.2946962 | BI33: 201924 | BJ33: 1.0956908 | BK33: 203378 | BL33: 0.007200729 | BM33: 211576 | BN33: 0.040309178 | BO33: 12235 | BP33: -561 | BQ33: -1.0458521 | BR33: 9803 | BS33: 18.474153 | BT33: 25138 | BU33: 1.564317 | BV33: 28667 | BW33: 0.14038507 | BX33: 1076 | BY33: -0.96246555 | BZ33: https://rekvizitai.vz.lt/imone/reklamos_ateitis/ | CA33: https://www.facebook.com/fad.reklamos.ateitis/ | CB33: https://www.instagram.com/fad.reklamos.ateitis/ | CC33: https://www.linkedin.com/company/fad-reklamos-ateitis/ | CD33: Žemiausia | CE33: 2018-03-14
A34: We deliver, UAB | B34: We deliver agency | C34: fcrmedia.lt | D34: 731100 | E34: Reklamos agentūrų veikla | J34: 111436135 | K34: LT114361314 | L34: We deliver, UAB | M34: Žalgirio g. 92-214, LT-09303 Vilnius | N34: Vilnius | O34: hi@wedeliver.lt | P34: +370 691 31328 | Q34: 37061387583 | R34: 43 | S34: 34 | T34: -0.20930233 | U34: 37 | V34: 0.088235294 | W34: 40 | X34: 0.081081081 | Y34: 42 | Z34: 0.05 | AA34: 21 | AB34: -0.5 | AC34: 14 | AD34: 1821 | AE34: =_20250609_reklama_data[[#This Row],[Atlyginimų vidurkis 2019]]*_20250609_reklama_data[[#This Row],[Darbuotojai 2019]]*12 -> 939636 | AF34: =(_20250609_reklama_data[[#This Row],[Apyvarta 2019]]-_20250609_reklama_data[[#This Row],[Atlyginimų sąnaudos 2019]])/_20250609_reklama_data[[#This Row],[Darbuotojai 2019]] -> 28078.233 | AG34: 1937 | AH34: =_20250609_reklama_data[[#This Row],[Atlyginimų vidurkis 2020]]*_20250609_reklama_data[[#This Row],[Darbuotojai 2020]]*12 -> 790296 | AI34: =(_20250609_reklama_data[[#This Row],[Apyvarta 2020]]-_20250609_reklama_data[[#This Row],[Atlyginimų sąnaudos 2020]])/_20250609_reklama_data[[#This Row],[Darbuotojai 2020]] -> 28226.588 | AJ34: 0.063701263 | AK34: 2288 | AL34: =_20250609_reklama_data[[#This Row],[Atlyginimų vidurkis 2021]]*_20250609_reklama_data[[#This Row],[Darbuotojai 2021]]*12 -> 1015872 | AM34: =(_20250609_reklama_data[[#This Row],[Apyvarta 2021]]-_20250609_reklama_data[[#This Row],[Atlyginimų sąnaudos 2021]])/_20250609_reklama_data[[#This Row],[Darbuotojai 2021]] -> 77652.108 | AN34: 0.18120805 | AO34: 2632 | AP34: =_20250609_reklama_data[[#This Row],[Atlyginimų vidurkis 2022]]*_20250609_reklama_data[[#This Row],[Darbuotojai 2022]]*12 -> 1263360 | AQ34: =(_20250609_reklama_data[[#This Row],[Apyvarta 2022]]-_20250609_reklama_data[[#This Row],[Atlyginimų sąnaudos 2022]])/_20250609_reklama_data[[#This Row],[Darbuotojai 2022]] -> 110266 | AR34: 0.15034965 | AS34: 2864 | AT34: =_20250609_reklama_data[[#This Row],[Atlyginimų vidurkis 2023]]*_20250609_reklama_data[[#This Row],[Darbuotojai 2023]]*12 -> 1443456 | AU34: =(_20250609_reklama_data[[#This Row],[Apyvarta 2023]]-_20250609_reklama_data[[#This Row],[Atlyginimų sąnaudos 2023]])/_20250609_reklama_data[[#This Row],[Darbuotojai 2023]] -> 82727.238 | AV34: 0.088145897 | AW34: 2980 | AX34: =_20250609_reklama_data[[#This Row],[Atlyginimų vidurkis 2024]]*_20250609_reklama_data[[#This Row],[Darbuotojai 2024]]*12 -> 750960 | AY34: =(_20250609_reklama_data[[#This Row],[Apyvarta 2024]]-_20250609_reklama_data[[#This Row],[Atlyginimų sąnaudos 2024]])/_20250609_reklama_data[[#This Row],[Darbuotojai 2024]] -> -35760 | AZ34: 0.040502793 | BA34: 2336,98 | BB34: =_20250609_reklama_data[[#This Row],[Atlyginimų vidurkis 2025 04]]*_20250609_reklama_data[[#This Row],[Darbuotojai 2025 06 09]]*5 -> 163588.6 | BD34: 2147000 | BE34: 1750000 | BF34: -0.18490918 | BG34: 3889000 | BH34: 1.2222857 | BI34: 5674000 | BJ34: 0.45898689 | BK34: 4918000 | BL34: -0.13323934 | BN34: \N | BO34: 313000 | BP34: 249000 | BQ34: -0.20447284 | BR34: 133000 | BS34: -0.46586345 | BT34: 180000 | BU34: 0.35338346 | BV34: -769000 | BW34: -5.2722222 | BY34: \N | BZ34: https://rekvizitai.vz.lt/imone/verslo_media/ | CA34: https://www.facebook.com/Wedeliveragency | CC34: https://www.linkedin.com/company/we-deliver-performance/ | CD34: Vidutinė | CE34: 1993-03-26
A35: Fotokomanda, UAB | B35: Foko | J35: 302932718 | K35: LT100007365812 | L35: MB "Fotokomanda" | M35: Vytenio g. 50-81, Vilnius | N35: Vilnius | O35: info@foko.lt | Q35: 37067623796 | R35: \N | S35: \N | T35: \N | U35: \N | V35: \N | W35: 1 | X35: \N | Y35: 2 | Z35: 1 | AA35: 3 | AB35: 0.5 | AC35: 3 | AD35: \N | AE35: #VALUE! | AF35: #VALUE! | AG35: \N | AH35: #VALUE! | AI35: #VALUE! | AJ35: \N | AK35: \N | AL35: #VALUE! | AM35: #VALUE! | AN35: \N | AO35: \N | AP35: #VALUE! | AQ35: #VALUE! | AR35: \N | AS35: \N | AT35: #VALUE! | AU35: #VALUE! | AV35: \N | AW35: \N | AX35: #VALUE! | AY35: #VALUE! | AZ35: \N | BA35: \N | BB35: #VALUE! | BD35: 213414 | BE35: 153278 | BF35: -0.28 | BG35: 196578 | BH35: 0.28 | BI35: 240432 | BJ35: 0.22 | BK35: 155163 | BL35: -0.35 | BM35: 217614 | BN35: 0.4 | BO35: 56780 | BP35: -2132 | BQ35: -1.04 | BR35: 21552 | BS35: 11.11 | BT35: 23364 | BU35: 0.08 | BV35: -27895 | BW35: -2.19 | BX35: 31160 | BY35: 2.12 | BZ35: https://rekvizitai.vz.lt/imone/fotokomanda/ | CA35: https://www.facebook.com/FOKOLT/ | CD35: Žemiausia | CE35: Teisinis statusas neįregistruotas
A36: Galley Group, UAB | B36: Galley group | J36: 126286061 | K36: LT262860610 | L36: UAB "Galley Group" | M36: Gerosios Vilties g. 22A-2, LT-03145 Vilnius | N36: Vilnius | O36: info@galley.lt | P36: +370 5 2620472 | Q36: 37068757155 | R36: 21 | S36: 18 | T36: -0.14 | U36: 15 | V36: -0.17 | W36: 14 | X36: -0.07 | Y36: 13 | Z36: -0.07 | AA36: 11 | AB36: -0.15 | AC36: 11 | AD36: 805 | AE36: 16905 | AF36: 67060.81 | AG36: 672 | AH36: 12096 | AI36: 34276.278 | AJ36: -0.17 | AK36: 706 | AL36: 10590 | AM36: 40715.067 | AN36: 0.05 | AO36: 702 | AP36: 9828 | AQ36: 55735.643 | AR36: -0.01 | AS36: 951 | AT36: 12363 | AU36: 103448.08 | AV36: 0.35 | AW36: 1136 | AX36: 12496 | AY36: 179292 | AZ36: 0.19 | BA36: 1177 | BB36: 12947 | BD36: 1425182 | BE36: 629069 | BF36: -0.56 | BG36: 621316 | BH36: -0.01 | BI36: 790127 | BJ36: 0.27 | BK36: 1357188 | BL36: 0.72 | BM36: 1984708 | BN36: 0.46 | BO36: 749 | BP36: 73 | BQ36: -0.9 | BR36: 51 | BS36: -0.3 | BT36: 1370 | BU36: 25.86 | BV36: 18707 | BW36: 12.65 | BX36: 93394 | BY36: 3.99 | BZ36: https://rekvizitai.vz.lt/imone/galley_group_reklamos_agentura_uab_galegrus/ | CA36: https://facebook.com/GalleyGroupLietuva/ | CB36: https://instagram.com/galleygroup_vilnius | CC36: https://www.linkedin.com/in/galley-group-9b3211153/ | CD36: Žema | CE36: Teisinis statusas neįregistruotas
A37: Gaumina, UAB | B37: Mediapark | C37: gaumina.lt | D37: 620100 | E37: Kompiuterių programavimo veikla | J37: 224497630 | L37: GAUMINA, UAB | M37: Gedimino pr. 27, Vilnius | N37: Vilnius | O37: info@gaumina.lt | Q37: 37068516600 | R37: 2 | S37: 2 | T37: 0 | U37: 1 | V37: -0.5 | W37: 1 | X37: 0 | Y37: 1 | Z37: 0 | AA37: 1 | AB37: 0 | AC37: 1 | AD37: \N | AE37: \N | AF37: \N | AG37: \N | AH37: \N | AI37: \N | AJ37: \N | AK37: \N | AL37: \N | AM37: \N | AN37: \N | AO37: \N | AP37: \N | AQ37: \N | AR37: \N | AS37: \N | AT37: \N | AU37: \N | AV37: \N | AW37: \N | AX37: \N | AY37: \N | AZ37: \N | BA37: \N | BB37: \N | BD37: 391819 | BE37: 447495 | BF37: 0.14209622 | BG37: 378329 | BH37: -0.15456262 | BI37: 460101 | BJ37: 0.21613992 | BL37: \N | BN37: \N | BO37: 4711 | BP37: -81138 | BQ37: -18.223095 | BR37: 41669 | BS37: 1.5135571 | BT37: 246126 | BU37: 4.9066932 | BV37: 25837 | BW37: -0.89502531 | BY37: \N | BZ37: https://rekvizitai.vz.lt/imone/gaumina/ | CA37: https://www.facebook.com/mediaparkgroup/ | CB37: https://www.instagram.com/mediapark/ | CD37: Žemiausia | CE37: 1998-07-02
A38: Gideas, UAB | B38: Gideas | C38: gideas.lt | D38: 731100 | E38: Reklamos agentūrų veikla | J38: 303020484 | K38: LT100007595312 | L38: Gideas, UAB | M38: Taikos g. 217-64, LT-05211 Vilnius | N38: Vilnius | O38: info@gideas.lt | Q38: 37065514049 | R38: 1 | S38: 1 | T38: 0 | U38: 1 | V38: 0 | W38: 1 | X38: 0 | Y38: 1 | Z38: 0 | AA38: 1 | AB38: 0 | AC38: 1 | AD38: \N | AE38: \N | AF38: \N | AG38: \N | AH38: \N | AI38: \N | AJ38: \N | AK38: \N | AL38: \N | AM38: \N | AN38: \N | AO38: \N | AP38: \N | AQ38: \N | AR38: \N | AS38: \N | AT38: \N | AU38: \N | AV38: \N | AW38: \N | AX38: \N | AY38: \N | AZ38: \N | BA38: \N | BB38: \N | BD38: 22054 | BE38: 17953 | BF38: -0.18595266 | BG38: 31688 | BH38: 0.76505319 | BI38: 64112 | BJ38: 1.0232265 | BK38: 50177 | BL38: -0.21735401 | BM38: 41486 | BN38: -0.17320685 | BO38: 467 | BP38: 1177 | BQ38: 1.5203426 | BR38: 1376 | BS38: 0.16907392 | BT38: 1818 | BU38: 0.32122093 | BV38: 2050 | BW38: 0.12761276 | BX38: 436 | BY38: -0.78731707 | BZ38: https://rekvizitai.vz.lt/imone/gideas/ | CA38: https://www.facebook.com/uabgideas/?locale=lt_LT | CD38: Žema | CE38: 2013-03-15
A39: Good one, UAB | B39: Good one | J39: 302417999 | K39: LT100004858714 | L39: Good one, UAB | M39: Jogailos g. 4, LT-01116 Vilnius | N39: Vilnius | O39: rokas.b@goodone.lt | Q39: 37065944300 | R39: 24 | S39: 27 | T39: 0.13 | U39: 32 | V39: 0.19 | W39: 33 | X39: 0.03 | Y39: 32 | Z39: -0.03 | AA39: 31 | AB39: -0.03 | AC39: 29 | AD39: 2049 | AE39: 49176 | AF39: 241591.38 | AG39: 2167 | AH39: 58509 | AI39: 221592.33 | AJ39: 0.06 | AK39: 2575 | AL39: 82400 | AM39: 322142.03 | AN39: 0.19 | AO39: 2851 | AP39: 94083 | AQ39: 273397.48 | AR39: 0.11 | AS39: 3081 | AT39: 98592 | AU39: 284375.41 | AV39: 0.08 | AW39: 3243 | AX39: 100533 | AY39: 322483.52 | AZ39: 0.05 | BA39: 3467 | BB39: 100543 | BD39: 5847369 | BE39: 6041502 | BF39: 0.03 | BG39: 10390945 | BH39: 0.72 | BI39: 9116200 | BJ39: -0.12 | BK39: 9198605 | BL39: 0.01 | BM39: 10097522 | BN39: 0.1 | BO39: 387671 | BP39: 251222 | BQ39: -0.35 | BR39: 469190 | BS39: 0.87 | BT39: 306081 | BU39: -0.35 | BV39: 244322 | BW39: -0.2 | BX39: 244402 | BY39: 0 | BZ39: https://rekvizitai.vz.lt/imone/good_one_uab/ | CD39: Žemiausia | CE39: Teisinis statusas neįregistruotas
A40: Havas Media, UAB | B40: Havas Media | C40: havasmedia.lt | D40: 731100 | E40: Media | J40: 302344394 | K40: LT100004728312 | L40: Havas Media, UAB | M40: Jogailos g. 4, LT-01116 Vilnius | N40: Vilnius | O40: info@havasmedia.lt | P40: +370 616 76777 | R40: 21 | S40: 19 | T40: -0.095238095 | U40: 20 | V40: 0.052631579 | W40: 22 | X40: 0.1 | Y40: 22 | Z40: 0 | AA40: 24 | AB40: 0.090909091 | AC40: 22 | AD40: 2194 | AE40: =_20250609_reklama_data[[#This Row],[Atlyginimų vidurkis 2019]]*_20250609_reklama_data[[#This Row],[Darbuotojai 2019]]*12 -> 552888 | AF40: =(_20250609_reklama_data[[#This Row],[Apyvarta 2019]]-_20250609_reklama_data[[#This Row],[Atlyginimų sąnaudos 2019]])/_20250609_reklama_data[[#This Row],[Darbuotojai 2019]] -> 331370.76 | AG40: 2559 | AH40: =_20250609_reklama_data[[#This Row],[Atlyginimų vidurkis 2020]]*_20250609_reklama_data[[#This Row],[Darbuotojai 2020]]*12 -> 583452 | AI40: =(_20250609_reklama_data[[#This Row],[Apyvarta 2020]]-_20250609_reklama_data[[#This Row],[Atlyginimų sąnaudos 2020]])/_20250609_reklama_data[[#This Row],[Darbuotojai 2020]] -> 396012.74 | AJ40: 0.16636281 | AK40: 2794 | AL40: =_20250609_reklama_data[[#This Row],[Atlyginimų vidurkis 2021]]*_20250609_reklama_data[[#This Row],[Darbuotojai 2021]]*12 -> 670560 | AM40: =(_20250609_reklama_data[[#This Row],[Apyvarta 2021]]-_20250609_reklama_data[[#This Row],[Atlyginimų sąnaudos 2021]])/_20250609_reklama_data[[#This Row],[Darbuotojai 2021]] -> 438147.45 | AN40: 0.091832747 | AO40: 2988 | AP40: =_20250609_reklama_data[[#This Row],[Atlyginimų vidurkis 2022]]*_20250609_reklama_data[[#This Row],[Darbuotojai 2022]]*12 -> 788832 | AQ40: =(_20250609_reklama_data[[#This Row],[Apyvarta 2022]]-_20250609_reklama_data[[#This Row],[Atlyginimų sąnaudos 2022]])/_20250609_reklama_data[[#This Row],[Darbuotojai 2022]] -> 400881.77 | AR40: 0.069434503 | AS40: 3492 | AT40: =_20250609_reklama_data[[#This Row],[Atlyginimų vidurkis 2023]]*_20250609_reklama_data[[#This Row],[Darbuotojai 2023]]*12 -> 921888 | AU40: =(_20250609_reklama_data[[#This Row],[Apyvarta 2023]]-_20250609_reklama_data[[#This Row],[Atlyginimų sąnaudos 2023]])/_20250609_reklama_data[[#This Row],[Darbuotojai 2023]] -> 454717.64 | AV40: 0.1686747 | AW40: 3663 | AX40: =_20250609_reklama_data[[#This Row],[Atlyginimų vidurkis 2024]]*_20250609_reklama_data[[#This Row],[Darbuotojai 2024]]*12 -> 1054944 | AY40: =(_20250609_reklama_data[[#This Row],[Apyvarta 2024]]-_20250609_reklama_data[[#This Row],[Atlyginimų sąnaudos 2024]])/_20250609_reklama_data[[#This Row],[Darbuotojai 2024]] -> 399055.96 | AZ40: 0.048969072 | BA40: 4774,82 | BB40: =_20250609_reklama_data[[#This Row],[Atlyginimų vidurkis 2025 04]]*_20250609_reklama_data[[#This Row],[Darbuotojai 2025 06 09]]*5 -> 525230.2 | BD40: 7511674 | BE40: 8107694 | BF40: 0.079345829 | BG40: 9433509 | BH40: 0.16352554 | BI40: 9608231 | BJ40: 0.018521422 | BK40: 10925676 | BL40: 0.13711629 | BM40: 10632287 | BN40: -0.026853167 | BO40: 301781 | BP40: 278089 | BQ40: -0.078507262 | BR40: 322559 | BS40: 0.15991283 | BT40: 134980 | BU40: -0.58153392 | BV40: 123945 | BW40: -0.081752852 | BX40: 248039 | BY40: 1.0012021 | BZ40: https://rekvizitai.vz.lt/imone/uab_mpg_idea/ | CA40: https://www.facebook.com/HavasMediaLT/?locale=lt_LT | CC40: https://www.linkedin.com/company/havas-media-lithuania/?originalSubdomain=lt | CD40: Žemiausia | CE40: 2009-05-28
A41: Headline, UAB | B41: Headline | C41: headline.lt | D41: 702100 | G41: PR | J41: 301163601 | K41: LT100003575114 | L41: Headline Agency, UAB | M41: Mėsinių g. 5, Vilnius | N41: Vilnius | O41: info@headline.lt | Q41: 37068504820 | R41: 18 | S41: 15 | T41: -0.16666667 | U41: 13 | V41: -0.13333333 | W41: 15 | X41: 0.15384615 | Y41: 15 | Z41: 0 | AA41: 15 | AB41: 0 | AC41: 14 | AD41: 2233 | AE41: =_20250609_reklama_data[[#This Row],[Atlyginimų vidurkis 2019]]*_20250609_reklama_data[[#This Row],[Darbuotojai 2019]]*12 -> 482328 | AF41: =(_20250609_reklama_data[[#This Row],[Apyvarta 2019]]-_20250609_reklama_data[[#This Row],[Atlyginimų sąnaudos 2019]])/_20250609_reklama_data[[#This Row],[Darbuotojai 2019]] -> 44390.556 | AG41: 2502 | AH41: =_20250609_reklama_data[[#This Row],[Atlyginimų vidurkis 2020]]*_20250609_reklama_data[[#This Row],[Darbuotojai 2020]]*12 -> 450360 | AI41: =(_20250609_reklama_data[[#This Row],[Apyvarta 2020]]-_20250609_reklama_data[[#This Row],[Atlyginimų sąnaudos 2020]])/_20250609_reklama_data[[#This Row],[Darbuotojai 2020]] -> 46543.067 | AJ41: 0.12046574 | AK41: 2615 | AL41: =_20250609_reklama_data[[#This Row],[Atlyginimų vidurkis 2021]]*_20250609_reklama_data[[#This Row],[Darbuotojai 2021]]*12 -> 407940 | AM41: =(_20250609_reklama_data[[#This Row],[Apyvarta 2021]]-_20250609_reklama_data[[#This Row],[Atlyginimų sąnaudos 2021]])/_20250609_reklama_data[[#This Row],[Darbuotojai 2021]] -> 60990.769 | AN41: 0.045163869 | AO41: 2799 | AP41: =_20250609_reklama_data[[#This Row],[Atlyginimų vidurkis 2022]]*_20250609_reklama_data[[#This Row],[Darbuotojai 2022]]*12 -> 503820 | AQ41: =(_20250609_reklama_data[[#This Row],[Apyvarta 2022]]-_20250609_reklama_data[[#This Row],[Atlyginimų sąnaudos 2022]])/_20250609_reklama_data[[#This Row],[Darbuotojai 2022]] -> 47259.667 | AR41: 0.070363289 | AS41: 3015 | AT41: =_20250609_reklama_data[[#This Row],[Atlyginimų vidurkis 2023]]*_20250609_reklama_data[[#This Row],[Darbuotojai 2023]]*12 -> 542700 | AU41: =(_20250609_reklama_data[[#This Row],[Apyvarta 2023]]-_20250609_reklama_data[[#This Row],[Atlyginimų sąnaudos 2023]])/_20250609_reklama_data[[#This Row],[Darbuotojai 2023]] -> 86759 | AV41: 0.077170418 | AW41: 3176 | AX41: =_20250609_reklama_data[[#This Row],[Atlyginimų vidurkis 2024]]*_20250609_reklama_data[[#This Row],[Darbuotojai 2024]]*12 -> 571680 | AY41: =(_20250609_reklama_data[[#This Row],[Apyvarta 2024]]-_20250609_reklama_data[[#This Row],[Atlyginimų sąnaudos 2024]])/_20250609_reklama_data[[#This Row],[Darbuotojai 2024]] -> 66730.667 | AZ41: 0.053399668 | BA41: 3453,01 | BB41: =_20250609_reklama_data[[#This Row],[Atlyginimų vidurkis 2025 04]]*_20250609_reklama_data[[#This Row],[Darbuotojai 2025 06 09]]*5 -> 241710.7 | BD41: 1281358 | BE41: 1148506 | BF41: -0.10368063 | BG41: 1200820 | BH41: 0.04554961 | BI41: 1212715 | BJ41: 0.0099057311 | BK41: 1844085 | BL41: 0.52062521 | BM41: 1572640 | BN41: -0.14719766 | BO41: 183083 | BP41: 243883 | BQ41: 0.33208982 | BR41: 160993 | BS41: -0.33987609 | BT41: 42675 | BU41: -0.73492636 | BV41: 208473 | BW41: 3.8851318 | BX41: 45107 | BY41: -0.78363145 | BZ41: https://rekvizitai.vz.lt/imone/headline_agency/ | CA41: https://www.facebook.com/agency.Headline/?ref=br_tf | CD41: Žemiausia | CE41: 2007-10-18
A42: IC Baltic, UAB | B42: Impact Advisory / Flow | D42: 702100 | E42: Viešųjų ryšių ir komunikacijos veikla | J42: 300016915 | K42: LT100000966518 | L42: IC BALTIC, UAB | M42: Manufaktūrų g. 20-232, LT-11342 Vilnius | N42: Vilnius | O42: office@impactadvisory.eu | Q42: 37061526019 | R42: 5 | S42: 3 | T42: -0.4 | U42: 4 | V42: 0.33333333 | W42: 5 | X42: 0.25 | Y42: 6 | Z42: 0.2 | AA42: 3 | AB42: -0.5 | AC42: 1 | AD42: 1572 | AE42: =_20250609_reklama_data[[#This Row],[Atlyginimų vidurkis 2019]]*_20250609_reklama_data[[#This Row],[Darbuotojai 2019]]*12 -> 94320 | AF42: =(_20250609_reklama_data[[#This Row],[Apyvarta 2019]]-_20250609_reklama_data[[#This Row],[Atlyginimų sąnaudos 2019]])/_20250609_reklama_data[[#This Row],[Darbuotojai 2019]] -> 8254.6 | AG42: 2349 | AH42: =_20250609_reklama_data[[#This Row],[Atlyginimų vidurkis 2020]]*_20250609_reklama_data[[#This Row],[Darbuotojai 2020]]*12 -> 84564 | AI42: =(_20250609_reklama_data[[#This Row],[Apyvarta 2020]]-_20250609_reklama_data[[#This Row],[Atlyginimų sąnaudos 2020]])/_20250609_reklama_data[[#This Row],[Darbuotojai 2020]] -> 18522.667 | AJ42: 0.49427481 | AK42: 2364 | AL42: =_20250609_reklama_data[[#This Row],[Atlyginimų vidurkis 2021]]*_20250609_reklama_data[[#This Row],[Darbuotojai 2021]]*12 -> 113472 | AM42: =(_20250609_reklama_data[[#This Row],[Apyvarta 2021]]-_20250609_reklama_data[[#This Row],[Atlyginimų sąnaudos 2021]])/_20250609_reklama_data[[#This Row],[Darbuotojai 2021]] -> 22689.25 | AN42: 0.006385696 | AO42: 1821 | AP42: =_20250609_reklama_data[[#This Row],[Atlyginimų vidurkis 2022]]*_20250609_reklama_data[[#This Row],[Darbuotojai 2022]]*12 -> 109260 | AQ42: =(_20250609_reklama_data[[#This Row],[Apyvarta 2022]]-_20250609_reklama_data[[#This Row],[Atlyginimų sąnaudos 2022]])/_20250609_reklama_data[[#This Row],[Darbuotojai 2022]] -> 39889.8 | AR42: -0.22969543 | AS42: 2005 | AT42: =_20250609_reklama_data[[#This Row],[Atlyginimų vidurkis 2023]]*_20250609_reklama_data[[#This Row],[Darbuotojai 2023]]*12 -> 144360 | AU42: =(_20250609_reklama_data[[#This Row],[Apyvarta 2023]]-_20250609_reklama_data[[#This Row],[Atlyginimų sąnaudos 2023]])/_20250609_reklama_data[[#This Row],[Darbuotojai 2023]] -> 53266.833 | AV42: 0.10104338 | AW42: 2055 | AX42: =_20250609_reklama_data[[#This Row],[Atlyginimų vidurkis 2024]]*_20250609_reklama_data[[#This Row],[Darbuotojai 2024]]*12 -> 73980 | AY42: =(_20250609_reklama_data[[#This Row],[Apyvarta 2024]]-_20250609_reklama_data[[#This Row],[Atlyginimų sąnaudos 2024]])/_20250609_reklama_data[[#This Row],[Darbuotojai 2024]] -> 88477 | AZ42: 0.024937656 | BA42: \N | BB42: \N | BD42: 135593 | BE42: 140132 | BF42: 0.033475179 | BG42: 204229 | BH42: 0.45740445 | BI42: 308709 | BJ42: 0.51158259 | BK42: 463961 | BL42: 0.50290727 | BM42: 339411 | BN42: -0.26844929 | BO42: 12672 | BP42: 733 | BQ42: -0.94215593 | BR42: 5655 | BS42: 6.7148704 | BT42: -48 | BU42: -1.0084881 | BV42: 1304 | BW42: 28.166667 | BX42: 789 | BY42: -0.39493865 | BZ42: https://rekvizitai.vz.lt/imone/ic_baltic/ | CA42: https://www.facebook.com/impactadvisorybusiness/ | CC42: https://www.linkedin.com/company/impactadvisory/ | CD42: Žemiausia | CE42: 2004-04-09
